annual	biology	2020	question-paper	april	https://drive.usercontent.google.com/download?id=1kD-vxKVGRQe7ILq6VevjF_ZQniTTkN1x&export=download&confirm=t	https://www.tamilaruvi.in/2023/02/12th-biology-public-exam-original-question-paper-april-2020-published-by-dge.html
annual	biology	2020	question-paper	september	https://drive.usercontent.google.com/download?id=1dLIMOq-W8Spr2C-Q4oy7gMjTus2pgvuQ&export=download&confirm=t	https://www.tamilaruvi.in/2023/02/12th-biology-public-exam-original-question-paper-september-2020-published-by-dge.html
annual	biology	2021	question-paper	may	https://drive.usercontent.google.com/download?id=1XHlwiFEDwEvlGo36r5yDZIkkNtXQux_u&export=download&confirm=t	https://www.tamilaruvi.in/2023/02/12th-biology-public-exam-original-question-paper-may-2021.html
annual	biology	2022	question-paper	may	https://drive.usercontent.google.com/download?id=1yY4yWgIVq6jheBj5TygO4MSPY2RiT2nx&export=download&confirm=t	https://www.tamilaruvi.in/2023/02/12th-biology-public-exam-original-question-paper-may-2022.html
annual	biology	2023	question-paper	april	https://drive.usercontent.google.com/download?id=1pOV_JTnV-_O7O2N4plBdjD81b6TgzwmT&export=download&confirm=t	https://www.tamilaruvi.in/2023/10/12th-biology-public-exam-original-question-paper-april-2023.html
annual	biology	2024	question-paper	march	https://drive.usercontent.google.com/download?id=1EaAizAuuSb3C8rit0D1MEQKgKQpaOEBG&export=download&confirm=t	https://www.tamilaruvi.in/2024/04/12th-biology-public-exam-original-question-paper-march-2024.html
annual	biology	2025	question-paper	march	https://drive.usercontent.google.com/download?id=1CHdg2Zfv5wnIDl2-jxCW_sz_ZkIYggjF&export=download&confirm=t	https://www.tamilaruvi.in/2025/03/12th-biology-public-exam-original-question-paper-march-2025.html
annual	biology	2026	question-paper	march	https://drive.usercontent.google.com/download?id=1c7NcL3LQwp-i-GLawrUZ4IXZgAJ2lvfp&export=download&confirm=t	https://www.tamilaruvi.in/2026/03/12th-biology-public-exam-original-question-paper-march-2026.html
annual	botany	2020	question-paper	april	https://drive.usercontent.google.com/download?id=10TM6dBZzurER8Ag7dBHZJdXy3swz-WPy&export=download&confirm=t	https://www.tamilaruvi.in/2023/02/12th-botany-public-exam-original-question-paper-april-2020-published-by-dge.html
annual	botany	2020	question-paper	september	https://drive.usercontent.google.com/download?id=196MMFbRGOkmpmC1KvxdWqZfbgVtSML6u&export=download&confirm=t	https://www.tamilaruvi.in/2023/02/12th-botany-public-exam-original-question-paper-september-2020-published-by-dge.html
annual	botany	2021	question-paper	may	https://drive.usercontent.google.com/download?id=1Lt-DtZ1VwO9CU6f5efgP8ttWZ5fq9wWu&export=download&confirm=t	https://www.tamilaruvi.in/2023/02/12th-botany-public-exam-original-question-paper-may-2021.html
annual	botany	2022	question-paper	may	https://drive.usercontent.google.com/download?id=1o2ybk7oXBxOPcIYCcqVvJgZiRMrFW20o&export=download&confirm=t	https://www.tamilaruvi.in/2023/02/12th-botany-public-exam-original-question-paper-may-2022.html
annual	botany	2023	question-paper	april	https://drive.usercontent.google.com/download?id=1QV1eH98mFoogVJqKktRIMl3rBqlTvpdI&export=download&confirm=t	https://www.tamilaruvi.in/2023/10/12th-botany-public-exam-original-question-paper-april-2023.html
annual	botany	2024	question-paper	march	https://drive.usercontent.google.com/download?id=1GGZ_k_RwqpWmGr27UjYwFGt3_af2d7Ak&export=download&confirm=t	https://www.tamilaruvi.in/2024/04/12th-botany-public-exam-original-question-paper-march-2024.html
annual	botany	2025	question-paper	march	https://drive.usercontent.google.com/download?id=1dQqFBTUQjKcbNE0sNTZQy6YfdlRB8VQf&export=download&confirm=t	https://www.tamilaruvi.in/2025/05/12th-botany-public-exam-original-question-paper-march-2025.html
annual	botany	2026	question-paper	set	https://drive.usercontent.google.com/download?id=1CXHndDnrKYDCQur4qq8U3Ol90_9e4658&export=download&confirm=t	https://www.tamilaruvi.in/2026/03/12th-botany-public-exam-original.html
annual	chemistry	2020	question-paper	april	https://drive.usercontent.google.com/download?id=1zZRDAsWj-0NY_vnBTZ_tAdjGECaDjCvm&export=download&confirm=t	https://www.tamilaruvi.in/2023/02/12th-chemistry-public-exam-original-question-paper-april-2020-published-by-dge.html
annual	chemistry	2020	question-paper	september	https://drive.usercontent.google.com/download?id=1kU15TAzkW3LgOUJ2sYgkmfhA6WE6ZZty&export=download&confirm=t	https://www.tamilaruvi.in/2023/02/12th-chemistry-public-exam-original-question-paper-september-2020-published-by-dge.html
annual	chemistry	2021	question-paper	may	https://drive.usercontent.google.com/download?id=15B3PqUkvk5IrkEyllV8TDAbllYi3Hd05&export=download&confirm=t	https://www.tamilaruvi.in/2023/02/12th-chemistry-type-a-public-exam-original-question-paper-may-2021.html
annual	chemistry	2022	question-paper	may	https://drive.usercontent.google.com/download?id=1GFLeGmSdwSFIc0FomcgpSq9ZkglBiqdC&export=download&confirm=t	https://www.tamilaruvi.in/2023/02/12th-chemistry-public-exam-original-question-paper-may-2022.html
annual	chemistry	2023	question-paper	april	https://drive.usercontent.google.com/download?id=1l51R1_eDMmdD4s2O-v_rmFRobQSPOOwY&export=download&confirm=t	https://www.tamilaruvi.in/2023/10/12th-chemistry-public-exam-original-question-paper-april-2023.html
annual	chemistry	2024	question-paper	march	https://drive.usercontent.google.com/download?id=1deFehjDB08ncizTTHZYcjOcXscIXHanY&export=download&confirm=t	https://www.tamilaruvi.in/2024/04/12th-chemistry-public-exam-original-question-paper-march-2024.html
annual	chemistry	2025	question-paper	march	https://drive.usercontent.google.com/download?id=1F9HE5kSY92MXvJ7bOgpJzxl-5TRcnugq&export=download&confirm=t	https://www.tamilaruvi.in/2025/03/12th-chemistry-public-exam-original-question-paper-march-2025.html
annual	chemistry	2026	question-paper	march	https://drive.usercontent.google.com/download?id=142BJ3j0BRxQP0CWG5hAW3tVpbzV-ZzQY&export=download&confirm=t	https://www.tamilaruvi.in/2026/03/12th-chemistry-public-exam-original-question-paper-march-2026.html
annual	maths	2020	question-paper	april	https://drive.usercontent.google.com/download?id=1jcyWR-lRj_VcCjyRXR0O7pzyyjp4Kqup&export=download&confirm=t	https://www.tamilaruvi.in/2023/02/12th-maths-public-exam-original-question-paper-april-2020-published-by-dge.html
annual	maths	2020	question-paper	september	https://drive.usercontent.google.com/download?id=19y8SR0zcOgxuoHCAPQfxZXPlS2XNgwIT&export=download&confirm=t	https://www.tamilaruvi.in/2023/02/12th-maths-public-exam-original-question-paper-september-2020-published-by-dge.html
annual	maths	2021	question-paper	may	https://drive.usercontent.google.com/download?id=1BjK60_9n1RXKCzUvDmW7CYOi3Qc94Zqi&export=download&confirm=t	https://www.tamilaruvi.in/2023/02/12th-maths-type-a-public-exam-original-question-paper-may-2021.html
annual	maths	2022	question-paper	may	https://drive.usercontent.google.com/download?id=18Zb0g7SUeqcwNsPwX2qVGiwhK4-AU7cC&export=download&confirm=t	https://www.tamilaruvi.in/2023/02/12th-maths-public-exam-original-question-paper-may-2022.html
annual	maths	2023	question-paper	april	https://drive.usercontent.google.com/download?id=1GfnoMFhF1cJ76EApAVDceAXc9NngBGnb&export=download&confirm=t	https://www.tamilaruvi.in/2023/10/12th-maths-public-exam-original-question-paper-april-2023.html
annual	maths	2024	question-paper	march	https://drive.usercontent.google.com/download?id=1SoYj0d7qxbOkz6wG_Ajxnf-nlZfPCDVB&export=download&confirm=t	https://www.tamilaruvi.in/2024/04/12th-maths-public-exam-original-question-paper-march-2024.html
annual	maths	2025	question-paper	march	https://drive.usercontent.google.com/download?id=1Y76PcHkInOKKkQLLcb9AHmWpyXGW1Flu&export=download&confirm=t	https://www.tamilaruvi.in/2025/03/12th-maths-public-exam-original-question-paper-march-2025.html
annual	maths	2026	question-paper	march	https://drive.usercontent.google.com/download?id=1pZQrkYYlZaAGveLEbxLw8MnOHoi1U07a&export=download&confirm=t	https://www.tamilaruvi.in/2026/03/12th-maths-public-exam-original-question-paper-march-2026.html
annual	physics	2020	question-paper	september	https://drive.usercontent.google.com/download?id=1akSmpPtNM08jUzVnugzAVeV_XhoyPg1o&export=download&confirm=t	https://www.tamilaruvi.in/2023/02/12th-physics-public-exam-original-question-paper-september-2020-published-by-dge.html
annual	physics	2021	question-paper	may	https://drive.usercontent.google.com/download?id=1x5yeFBAqewi4RtHaHYObKQZFJava0Isx&export=download&confirm=t	https://www.tamilaruvi.in/2023/02/12th-physics-type-a-public-exam-original-question-paper-may-2021.html
annual	physics	2022	question-paper	may	https://drive.usercontent.google.com/download?id=15Br3lsFXuLd948resnfvMe6fKZro4oys&export=download&confirm=t	https://www.tamilaruvi.in/2023/02/12th-physics-public-exam-original-question-paper-may-2022.html
annual	physics	2023	question-paper	april	https://drive.usercontent.google.com/download?id=1mI560lGnobcaN2aA0p_-dQ3Ys6_hh87b&export=download&confirm=t	https://www.tamilaruvi.in/2023/10/12th-physics-public-exam-original-question-paper-april-2023.html
annual	physics	2024	question-paper	march	https://drive.usercontent.google.com/download?id=1UzIgSTwAen9M4X_m5PTzwmymJkfQu6r3&export=download&confirm=t	https://www.tamilaruvi.in/2024/04/12th-physics-public-exam-original-question-paper-march-2024.html
annual	physics	2025	question-paper	march	https://drive.usercontent.google.com/download?id=1R-ATBzp7h05aa_FJAB_lVNnhkJjFDwUK&export=download&confirm=t	https://www.tamilaruvi.in/2025/03/12th-physics-public-exam-original-question-paper-march-2025.html
annual	physics	2026	question-paper	march	https://drive.usercontent.google.com/download?id=1dV9nvJRfUuAo9CTolNHCjpDCARjTv1Ij&export=download&confirm=t	https://www.tamilaruvi.in/2026/03/12th-physics-public-exam-original-question-paper-march-2026.html
annual	zoology	2020	question-paper	april	https://drive.usercontent.google.com/download?id=1pKI2X7eXOe8b5AkOsqEfpw-NpadjH02U&export=download&confirm=t	https://www.tamilaruvi.in/2023/02/12th-zoology-public-exam-original-question-paper-april-2020-published-by-dge.html
annual	zoology	2020	question-paper	september	https://drive.usercontent.google.com/download?id=1489csAbaV8cEb6X89KP4HKVgQdosEWzq&export=download&confirm=t	https://www.tamilaruvi.in/2023/02/12th-zoology-public-exam-original-question-paper-september-2020-published-by-dge.html
annual	zoology	2021	question-paper	may	https://drive.usercontent.google.com/download?id=1ANIIaTi0hOONoZ_vXF4W68xRKWZt5rdG&export=download&confirm=t	https://www.tamilaruvi.in/2023/02/12th-zoology-public-exam-original-question-paper-may-2021.html
annual	zoology	2022	question-paper	may	https://drive.usercontent.google.com/download?id=1hQCBKRNl8zEiieFFFt5yLOgft86UVjAa&export=download&confirm=t	https://www.tamilaruvi.in/2023/02/12th-zoology-public-exam-original-question-paper-may-2022.html
annual	zoology	2023	question-paper	april	https://drive.usercontent.google.com/download?id=1WeRd3PA9d8R3cSTuyKRp67nNj8wQBZAV&export=download&confirm=t	https://www.tamilaruvi.in/2023/10/12th-zoology-public-exam-original-question-paper-april-2023.html
annual	zoology	2024	question-paper	march	https://drive.usercontent.google.com/download?id=1v6ErL8b5sbhtX51p-O2KKMzcaXgoQUqD&export=download&confirm=t	https://www.tamilaruvi.in/2024/04/12th-zoology-public-exam-original-question-paper-march-2024.html
annual	zoology	2025	question-paper	march	https://drive.usercontent.google.com/download?id=13m1TW-snCIaLsCcFiJLQudln4_F4BPQz&export=download&confirm=t	https://www.tamilaruvi.in/2025/03/12th-zoology-public-exam-original-question-paper-march-2025.html
annual	zoology	2026	question-paper	march	https://drive.usercontent.google.com/download?id=1PoRhobJz9TbXZNcRcMHv_Gsi1OSKM_8d&export=download&confirm=t	https://www.tamilaruvi.in/2026/03/12th-zoology-public-exam-original-question-paper-march-2026.html
half-yearly	biology	2019	answer-key	set	https://drive.usercontent.google.com/download?id=1snaFrn0Rkrzvsyc8FGgVaoUbM_BZ5zqh&export=download&confirm=t	https://www.padasalai.net/2023/10/Plus-Two-12th-Half-Yearly-Exam-2023-2024-Question-Papers-Answer-Keys-Time-Table-PDF-Download.html
half-yearly	biology	2019	question-paper	set	https://padasalai.info/wp-content/uploads/2022/11/12th-Biology-Half-Yearly-Exam-2019-Original-Question-Paper-English-Medium-PDF-Download.pdf	https://www.padasalai.net/2026/05/12th-standard-half-yearly-question-papers-2026-2027-answer-keys-download-plus-two-class-time-table.html
half-yearly	biology	2020	question-paper	model	https://padasalai.info/wp-content/uploads/2022/11/12th-Biology-Model-Question-Paper-for-Half-Yearly-Exam-2020-2021-English-Medium-PDF-Download.pdf	https://www.padasalai.net/2026/05/12th-standard-half-yearly-question-papers-2026-2027-answer-keys-download-plus-two-class-time-table.html
half-yearly	biology	2022	question-paper	chengalpattu	https://padasalai.info/wp-content/uploads/2022/12/12th-Biology-EM-Half-Yearly-Exam-2022-Original-Question-Paper-Chengalpattu-District-English-Medium-PDF-Download.pdf	https://www.padasalai.net/2026/05/12th-standard-half-yearly-question-papers-2026-2027-answer-keys-download-plus-two-class-time-table.html
half-yearly	biology	2022	question-paper	perambalur	https://padasalai.info/wp-content/uploads/2022/12/12th-Biology-EM-Half-Yearly-Exam-2022-Original-Question-Paper-Perambalur-District-English-Medium-PDF-Download.pdf	https://www.padasalai.net/2026/05/12th-standard-half-yearly-question-papers-2026-2027-answer-keys-download-plus-two-class-time-table.html
half-yearly	biology	2022	question-paper	thenkasi	https://padasalai.info/wp-content/uploads/2022/12/12th-Biology-EM-Half-Yearly-2022-Original-Question-Paper-Thenkasi-District-English-Medium-PDF-Download.pdf	https://www.padasalai.net/2026/05/12th-standard-half-yearly-question-papers-2026-2027-answer-keys-download-plus-two-class-time-table.html
half-yearly	biology	2022	question-paper	thiruvannamalai	https://padasalai.info/wp-content/uploads/2022/12/12th-Biology-EM-Half-Yearly-Exam-2022-Original-Question-Paper-Thiruvannamalai-District-English-Medium-PDF-Download.pdf	https://www.padasalai.net/2026/05/12th-standard-half-yearly-question-papers-2026-2027-answer-keys-download-plus-two-class-time-table.html
half-yearly	biology	2022	question-paper	tirupattur	https://padasalai.info/wp-content/uploads/2022/12/12th-Biology-EM-Half-Yearly-Exam-2022-Original-Question-Paper-Tirupattur-District-English-Medium-PDF-Download.pdf	https://www.padasalai.net/2026/05/12th-standard-half-yearly-question-papers-2026-2027-answer-keys-download-plus-two-class-time-table.html
half-yearly	biology	2022	question-paper	virudhunagar	https://padasalai.info/wp-content/uploads/2022/12/12th-Biology-EM-Half-Yearly-Exam-2022-Original-Question-Paper-Virudhunagar-District-PDF-Download.pdf	https://www.padasalai.net/2026/05/12th-standard-half-yearly-question-papers-2026-2027-answer-keys-download-plus-two-class-time-table.html
half-yearly	biology	2023	answer-key	pudhukottai	https://padasalai.info/wp-content/uploads/2023/12/12th-Biology-EM-Half-Yearly-Exam-2023-Question-Paper-with-Answer-Keys-Pudhukottai-District-English-Medium-PDF-Download.pdf	https://www.padasalai.net/2026/05/12th-standard-half-yearly-question-papers-2026-2027-answer-keys-download-plus-two-class-time-table.html
half-yearly	biology	2023	question-paper	chennai	https://padasalai.info/wp-content/uploads/2023/12/12th-Biology-EM-Half-Yearly-Exam-2023-Question-Paper-Chennai-District-English-Medium-PDF-Download.pdf	https://www.padasalai.net/2026/05/12th-standard-half-yearly-question-papers-2026-2027-answer-keys-download-plus-two-class-time-table.html
half-yearly	biology	2023	question-paper	ranipet	https://padasalai.info/wp-content/uploads/2023/12/12th-Biology-EM-Half-Yearly-Exam-2023-Question-Paper-Ranipet-District-English-Medium-PDF-download.pdf	https://www.padasalai.net/2026/05/12th-standard-half-yearly-question-papers-2026-2027-answer-keys-download-plus-two-class-time-table.html
half-yearly	biology	2023	question-paper	thenkasi	https://padasalai.info/wp-content/uploads/2024/01/12th-Biology-EM-Half-Yearly-Exam-2023-Question-Paper-Thenkasi-District-English-Medium-PDF-Download.pdf	https://www.padasalai.net/2026/05/12th-standard-half-yearly-question-papers-2026-2027-answer-keys-download-plus-two-class-time-table.html
half-yearly	biology	2023	question-paper	virudhunagar	https://padasalai.info/wp-content/uploads/2023/12/12th-Biology-EM-Half-Yearly-Exam-2023-Question-Paper-Virudhunagar-District-English-Medium-PDF-Download.pdf	https://www.padasalai.net/2026/05/12th-standard-half-yearly-question-papers-2026-2027-answer-keys-download-plus-two-class-time-table.html
half-yearly	biology	2024	answer-key	chengalpattu	https://padasalai.info/wp-content/uploads/2024/12/12th-Biology-Half-Yearly-Exam-2024-Answer-Key-Chengalpattu-District-English-Medium-PDF-Download.pdf	https://www.padasalai.net/2026/05/12th-standard-half-yearly-question-papers-2026-2027-answer-keys-download-plus-two-class-time-table.html
half-yearly	biology	2024	answer-key	kallakurichi	https://padasalai.info/wp-content/uploads/2024/12/12th-Biology-Half-Yearly-Exam-2024-Original-Question-Paper-With-Answer-Key-Kallakurichi-District-English-Medium-PDF-Download.pdf	https://www.padasalai.net/2026/05/12th-standard-half-yearly-question-papers-2026-2027-answer-keys-download-plus-two-class-time-table.html
half-yearly	biology	2024	question-paper	dharmapuri	https://padasalai.info/wp-content/uploads/2024/12/12th-Biology-Half-Yearly-Exam-2024-Original-Question-Paper-Dharmapuri-District-English-Medium-PDF-Download.pdf	https://www.padasalai.net/2026/05/12th-standard-half-yearly-question-papers-2026-2027-answer-keys-download-plus-two-class-time-table.html
half-yearly	biology	2024	question-paper	erode	https://padasalai.info/wp-content/uploads/2024/12/12th-Biology-Half-Yearly-Exam-2024-Original-Question-Paper-Erode-District-English-Medium-PDF-Download.pdf	https://www.padasalai.net/2026/05/12th-standard-half-yearly-question-papers-2026-2027-answer-keys-download-plus-two-class-time-table.html
half-yearly	biology	2024	question-paper	pudhukottai	https://padasalai.info/wp-content/uploads/2024/12/12th-Biology-EM-Half-Yearly-Exam-2024-Question-Paper-Pudhukottai-District-English-Medium-PDF-Download.pdf	https://www.padasalai.net/2026/05/12th-standard-half-yearly-question-papers-2026-2027-answer-keys-download-plus-two-class-time-table.html
half-yearly	biology	2024	question-paper	salem	https://padasalai.info/wp-content/uploads/2024/12/12th-Biology-Half-Yearly-Exam-2024-Original-Question-Paper-Salem-District-English-Medium-PDF-Download.pdf	https://www.padasalai.net/2026/05/12th-standard-half-yearly-question-papers-2026-2027-answer-keys-download-plus-two-class-time-table.html
half-yearly	biology	2024	question-paper	set	https://padasalai.info/wp-content/uploads/2024/12/12th-Biology-EM-Half-Yearly-Exam-2024-Question-Paper-Thirunelveli-District-English-Medium-PDF-Download.pdf	https://www.padasalai.net/2026/05/12th-standard-half-yearly-question-papers-2026-2027-answer-keys-download-plus-two-class-time-table.html
half-yearly	biology	2024	question-paper	set	https://padasalai.info/wp-content/uploads/2025/01/12th-Biology-Half-Yearly-Exam-2024-Original-Question-Paper-English-Medium-PDF-Download.pdf	https://www.padasalai.net/2026/05/12th-standard-half-yearly-question-papers-2026-2027-answer-keys-download-plus-two-class-time-table.html
half-yearly	biology	2024	question-paper	tenkasi	https://padasalai.info/wp-content/uploads/2024/12/12th-Biology-Half-Yearly-Exam-2024-Original-Question-Paper-Tenkasi-District-English-Medium-PDF-Download.pdf	https://www.padasalai.net/2026/05/12th-standard-half-yearly-question-papers-2026-2027-answer-keys-download-plus-two-class-time-table.html
half-yearly	biology	2024	question-paper	thoothukudi	https://padasalai.info/wp-content/uploads/2024/12/12th-Biology-Half-Yearly-Exam-2024-Original-Question-Paper-Thoothukudi-District-English-Medium-PDF-Download.pdf	https://www.padasalai.net/2026/05/12th-standard-half-yearly-question-papers-2026-2027-answer-keys-download-plus-two-class-time-table.html
half-yearly	biology	2024	question-paper	virudhunagar	https://padasalai.info/wp-content/uploads/2024/12/12th-Biology-Half-Yearly-Exam-2024-Original-Question-Paper-Virudhunagar-District-English-Medium-PDF-Download.pdf	https://www.padasalai.net/2026/05/12th-standard-half-yearly-question-papers-2026-2027-answer-keys-download-plus-two-class-time-table.html
half-yearly	biology	2025	answer-key	cuddalore	https://drive.usercontent.google.com/download?id=1jt9BqoeXaS208oM9GWhcd2ILPzHYzgmF&export=download&confirm=t	https://www.padasalai.net/2025/07/12th-half-yearly-question-papers-2025-answer-keys-download-plus-two-class-time-table-2026.html
half-yearly	biology	2025	answer-key	krishnagiri	https://drive.usercontent.google.com/download?id=1RtJWN28an0WPPNtLUbvI5UBn7HE5aElK&export=download&confirm=t	https://www.padasalai.net/2025/07/12th-half-yearly-question-papers-2025-answer-keys-download-plus-two-class-time-table-2026.html
half-yearly	biology	2025	answer-key	krishnagiri	https://drive.usercontent.google.com/download?id=1MkadfgMqGmqpcUdQ44NLNNggwoODKviH&export=download&confirm=t	https://www.padasalai.net/2025/07/12th-half-yearly-question-papers-2025-answer-keys-download-plus-two-class-time-table-2026.html
half-yearly	biology	2025	answer-key	madurai	https://drive.usercontent.google.com/download?id=1hxZ22SEjf8yA3ywiKVGFQPLbDLBflp-J&export=download&confirm=t	https://www.padasalai.net/2025/07/12th-half-yearly-question-papers-2025-answer-keys-download-plus-two-class-time-table-2026.html
half-yearly	biology	2025	answer-key	madurai	https://drive.usercontent.google.com/download?id=1q6k95Lm9UZyjGZ_Set7TaGW1AnRPVBpP&export=download&confirm=t	https://www.padasalai.net/2025/07/12th-half-yearly-question-papers-2025-answer-keys-download-plus-two-class-time-table-2026.html
half-yearly	biology	2025	question-paper	cuddalore	https://padasalai.info/wp-content/uploads/2025/01/12th-Biology-Half-Yearly-Exam-2025-Original-Question-Paper-Cuddalore-District-English-Medium-PDF-Download.pdf	https://www.padasalai.net/2024/08/Plus-Two-12th-Half-Yearly-Exam-Question-Papers-2024-2025-Answer-Keys-Time-Table-PDF-Download.html
half-yearly	biology	2025	question-paper	cuddalore	https://drive.usercontent.google.com/download?id=1nuUFRQhYwED8sWk2FoGJ4KRAoRZkWyjp&export=download&confirm=t	https://www.padasalai.net/2025/07/12th-half-yearly-question-papers-2025-answer-keys-download-plus-two-class-time-table-2026.html
half-yearly	biology	2025	question-paper	cuddalore	https://drive.usercontent.google.com/download?id=1wCry36pgmTr37qaztKG77zLdWPUIc2qw&export=download&confirm=t	https://www.padasalai.net/2025/07/12th-half-yearly-question-papers-2025-answer-keys-download-plus-two-class-time-table-2026.html
half-yearly	biology	2025	question-paper	kanchipuram	https://drive.usercontent.google.com/download?id=1-laLnQVI9l8ky849pxQvab_XhaMIRK6b&export=download&confirm=t	https://www.padasalai.net/2025/07/12th-half-yearly-question-papers-2025-answer-keys-download-plus-two-class-time-table-2026.html
half-yearly	biology	2025	question-paper	kanchipuram	https://drive.usercontent.google.com/download?id=12kD69YFJd_mirnadElo_9wuYkGGaZHiS&export=download&confirm=t	https://www.padasalai.net/2025/07/12th-half-yearly-question-papers-2025-answer-keys-download-plus-two-class-time-table-2026.html
half-yearly	biology	2025	question-paper	kanchipuram	https://drive.usercontent.google.com/download?id=1UUPvOe5ZMb1rnI5XRvt5vwMb5MmpplKU&export=download&confirm=t	https://www.padasalai.net/2025/07/12th-half-yearly-question-papers-2025-answer-keys-download-plus-two-class-time-table-2026.html
half-yearly	biology	2025	question-paper	kanchipuram	https://drive.usercontent.google.com/download?id=1PxQ35iF0edlRGn4sfdJnlUmNF57sKjY-&export=download&confirm=t	https://www.padasalai.net/2025/07/12th-half-yearly-question-papers-2025-answer-keys-download-plus-two-class-time-table-2026.html
half-yearly	biology	2025	question-paper	ranipet	https://drive.usercontent.google.com/download?id=1kt8xGM3hHD2wGwsqZn9EIfCvpQc6w0UK&export=download&confirm=t	https://www.padasalai.net/2025/07/12th-half-yearly-question-papers-2025-answer-keys-download-plus-two-class-time-table-2026.html
half-yearly	biology	2025	question-paper	sivaganga	https://drive.usercontent.google.com/download?id=1ECw0aUJm4CCkb-_q5QZtTxZMiCtSpMDg&export=download&confirm=t	https://www.padasalai.net/2025/07/12th-half-yearly-question-papers-2025-answer-keys-download-plus-two-class-time-table-2026.html
half-yearly	biology	2025	question-paper	sivaganga	https://drive.usercontent.google.com/download?id=1Swp_009jBC4cuxgn9_mq9kPr2msit8VH&export=download&confirm=t	https://www.padasalai.net/2025/07/12th-half-yearly-question-papers-2025-answer-keys-download-plus-two-class-time-table-2026.html
half-yearly	biology	2025	question-paper	tenkasi	https://drive.usercontent.google.com/download?id=1ZyCO6yxV5kt7YmNs3aW1JbWxQitM-3LI&export=download&confirm=t	https://www.padasalai.net/2025/07/12th-half-yearly-question-papers-2025-answer-keys-download-plus-two-class-time-table-2026.html
half-yearly	biology	2025	question-paper	thoothukudi	https://drive.usercontent.google.com/download?id=1GIszdNRj6kj1Sqb1veGYZmYkZUBuEAFd&export=download&confirm=t	https://www.padasalai.net/2025/07/12th-half-yearly-question-papers-2025-answer-keys-download-plus-two-class-time-table-2026.html
half-yearly	biology	2025	question-paper	thoothukudi	https://drive.usercontent.google.com/download?id=1-_g8JG1grgcuB09iaeZDPycNZKDylQFM&export=download&confirm=t	https://www.padasalai.net/2025/07/12th-half-yearly-question-papers-2025-answer-keys-download-plus-two-class-time-table-2026.html
half-yearly	biology	2025	question-paper	tirupattur	https://drive.usercontent.google.com/download?id=1DkM9xZbgokzSwZ17gWYDDSc6ueEdidxd&export=download&confirm=t	https://www.padasalai.net/2025/07/12th-half-yearly-question-papers-2025-answer-keys-download-plus-two-class-time-table-2026.html
half-yearly	botany	2022	question-paper	chengalpattu	https://padasalai.info/wp-content/uploads/2022/12/12th-Botany-EM-Half-Yearly-Exam-2022-Original-Question-Paper-Chengalpattu-District-English-Medium-PDF-Download.pdf	https://www.padasalai.net/2026/05/12th-standard-half-yearly-question-papers-2026-2027-answer-keys-download-plus-two-class-time-table.html
half-yearly	botany	2023	question-paper	tirupattur	https://padasalai.info/wp-content/uploads/2023/12/12th-Botany-EM-Half-Yearly-Exam-2023-Question-Paper-Tirupattur-District-English-Medium-PDF-Download.pdf	https://www.padasalai.net/2026/05/12th-standard-half-yearly-question-papers-2026-2027-answer-keys-download-plus-two-class-time-table.html
half-yearly	botany	2025	answer-key	kanchipuram	https://drive.usercontent.google.com/download?id=1xgf-OF1JCtwDmZ8n3L6NJw8xYKkZRrrJ&export=download&confirm=t	https://www.padasalai.net/2026/05/12th-standard-half-yearly-question-papers-2026-2027-answer-keys-download-plus-two-class-time-table.html
half-yearly	botany	2025	answer-key	karur	https://drive.usercontent.google.com/download?id=1x15biDhE4_QXzFF9aptWBy6TN5KfyoQH&export=download&confirm=t	https://www.padasalai.net/2025/07/12th-half-yearly-question-papers-2025-answer-keys-download-plus-two-class-time-table-2026.html
half-yearly	botany	2025	answer-key	karur	https://drive.usercontent.google.com/download?id=1Mhu2Wv7V8Xwh2kqnHORhoUS0g9VbXvRp&export=download&confirm=t	https://www.padasalai.net/2025/07/12th-half-yearly-question-papers-2025-answer-keys-download-plus-two-class-time-table-2026.html
half-yearly	botany	2025	answer-key	karur	https://drive.usercontent.google.com/download?id=1BZymHJvww9DEpWukWITBKfbl8GEpSVBP&export=download&confirm=t	https://www.padasalai.net/2025/07/12th-half-yearly-question-papers-2025-answer-keys-download-plus-two-class-time-table-2026.html
half-yearly	botany	2025	answer-key	ranipet	https://drive.usercontent.google.com/download?id=158nKkpDTPQlagkWIChSr7v-r5AHR5bQC&export=download&confirm=t	https://www.padasalai.net/2025/07/12th-half-yearly-question-papers-2025-answer-keys-download-plus-two-class-time-table-2026.html
half-yearly	botany	2025	answer-key	sivaganga	https://drive.usercontent.google.com/download?id=1u-CqpY8N7_gZRCxjpz27AkkBSf92YAo_&export=download&confirm=t	https://www.padasalai.net/2025/07/12th-half-yearly-question-papers-2025-answer-keys-download-plus-two-class-time-table-2026.html
half-yearly	botany	2025	answer-key	sivaganga	https://drive.usercontent.google.com/download?id=1CoRkN4lRkKmz84KBn3uoiLvIY4h16Mde&export=download&confirm=t	https://www.padasalai.net/2026/05/12th-standard-half-yearly-question-papers-2026-2027-answer-keys-download-plus-two-class-time-table.html
half-yearly	botany	2025	answer-key	sivaganga	https://drive.usercontent.google.com/download?id=1Rf0kBmiJy8z523DShOXvjEsxMr4rb6z4&export=download&confirm=t	https://www.padasalai.net/2026/05/12th-standard-half-yearly-question-papers-2026-2027-answer-keys-download-plus-two-class-time-table.html
half-yearly	botany	2025	question-paper	kanchipuram	https://drive.usercontent.google.com/download?id=11fZrtiFuspgLh8iQbsILnmK5AhuYUDZ0&export=download&confirm=t	https://www.padasalai.net/2025/07/12th-half-yearly-question-papers-2025-answer-keys-download-plus-two-class-time-table-2026.html
half-yearly	botany	2025	question-paper	krishnagiri	https://drive.usercontent.google.com/download?id=1J-qaM25BeimFQcMwQG82s5a74ZmbGKRQ&export=download&confirm=t	https://www.padasalai.net/2025/07/12th-half-yearly-question-papers-2025-answer-keys-download-plus-two-class-time-table-2026.html
half-yearly	chemistry	2019	answer-key	set	https://drive.usercontent.google.com/download?id=1iCNEXt5tabFRqWgQvXz2RDmAaCcTI_Oo&export=download&confirm=t	https://www.padasalai.net/2023/10/Plus-Two-12th-Half-Yearly-Exam-2023-2024-Question-Papers-Answer-Keys-Time-Table-PDF-Download.html
half-yearly	chemistry	2019	answer-key	set	https://drive.usercontent.google.com/download?id=1Edh3WgV3fzlH-USjPe0JeXW1T2O1YYdY&export=download&confirm=t	https://www.padasalai.net/2023/10/Plus-Two-12th-Half-Yearly-Exam-2023-2024-Question-Papers-Answer-Keys-Time-Table-PDF-Download.html
half-yearly	chemistry	2019	answer-key	set	https://drive.usercontent.google.com/download?id=1i05oQjTUbUxDy_ctJwzcC56YV4W2-WSb&export=download&confirm=t	https://www.padasalai.net/2023/10/Plus-Two-12th-Half-Yearly-Exam-2023-2024-Question-Papers-Answer-Keys-Time-Table-PDF-Download.html
half-yearly	chemistry	2019	answer-key	set	https://drive.usercontent.google.com/download?id=1H67x0xmbwtg_kduy-eal7keu_sos7pnZ&export=download&confirm=t	https://www.padasalai.net/2023/10/Plus-Two-12th-Half-Yearly-Exam-2023-2024-Question-Papers-Answer-Keys-Time-Table-PDF-Download.html
half-yearly	chemistry	2019	answer-key	set	https://drive.usercontent.google.com/download?id=14ujT4CpbIyqK1aLJTY2F0buLCvvwf9r5&export=download&confirm=t	https://www.padasalai.net/2023/10/Plus-Two-12th-Half-Yearly-Exam-2023-2024-Question-Papers-Answer-Keys-Time-Table-PDF-Download.html
half-yearly	chemistry	2022	answer-key	chennai	https://padasalai.info/wp-content/uploads/2023/01/12th-Chemistry-EM-Half-Yearly-Exam-2022-Answer-Key-Chennai-District-English-Medium-PDF-Download.pdf	https://www.padasalai.net/2026/05/12th-standard-half-yearly-question-papers-2026-2027-answer-keys-download-plus-two-class-time-table.html
half-yearly	chemistry	2022	answer-key	cuddalore	https://padasalai.info/wp-content/uploads/2022/12/12th-Chemistry-EM-Half-Yearly-Exam-2022-Original-Question-Paper-with-Answer-Keys-Cuddalore-District-English-Medium-PDF-Download.pdf	https://www.padasalai.net/2026/05/12th-standard-half-yearly-question-papers-2026-2027-answer-keys-download-plus-two-class-time-table.html
half-yearly	chemistry	2022	answer-key	madurai	https://padasalai.info/wp-content/uploads/2022/12/12th-Chemistry-EM-Answer-Keys-to-Half-Yearly-Exam-2022-Original-Question-Paper-Madurai-District-English-Medium-PDF-Download.pdf	https://www.padasalai.net/2026/05/12th-standard-half-yearly-question-papers-2026-2027-answer-keys-download-plus-two-class-time-table.html
half-yearly	chemistry	2022	answer-key	virudhunagar	https://padasalai.info/wp-content/uploads/2022/12/12th-Chemistry-EM-Half-Yearly-Exam-2022-Answer-Key-Virudhunagar-District-English-Medium-PDF-Download.pdf	https://www.padasalai.net/2026/05/12th-standard-half-yearly-question-papers-2026-2027-answer-keys-download-plus-two-class-time-table.html
half-yearly	chemistry	2022	question-paper	chennai	https://padasalai.info/wp-content/uploads/2023/01/12th-Chemistry-EM-Half-Yearly-Exam-2022-Original-Question-Paper-Chennai-District-English-Medium-PDF-Download.pdf	https://www.padasalai.net/2026/05/12th-standard-half-yearly-question-papers-2026-2027-answer-keys-download-plus-two-class-time-table.html
half-yearly	chemistry	2022	question-paper	model	https://padasalai.info/wp-content/uploads/2022/12/12th-Chemistry-Common-Half-Yearly-Exam-Model-Question-Paper-1-2022-2023-English-Medium-PDF-Download.pdf	https://www.padasalai.net/2026/05/12th-standard-half-yearly-question-papers-2026-2027-answer-keys-download-plus-two-class-time-table.html
half-yearly	chemistry	2022	question-paper	model	https://padasalai.info/wp-content/uploads/2022/12/12th-Chemistry-Common-Half-Yearly-Exam-Model-Question-Paper-2-2022-2023-English-Medium-PDF-Download.pdf	https://www.padasalai.net/2026/05/12th-standard-half-yearly-question-papers-2026-2027-answer-keys-download-plus-two-class-time-table.html
half-yearly	chemistry	2022	question-paper	model	https://padasalai.info/wp-content/uploads/2022/12/12th-Chemistry-EM-Half-Yearly-Exam-2022-Model-Question-Paper-2-English-Medium-PDF-Download.pdf	https://www.padasalai.net/2026/05/12th-standard-half-yearly-question-papers-2026-2027-answer-keys-download-plus-two-class-time-table.html
half-yearly	chemistry	2022	question-paper	model	https://padasalai.info/wp-content/uploads/2022/12/12th-Chemistry-EM-Half-Yearly-Exam-2022-Model-Question-Paper-English-Medium-PDF-Download.pdf	https://www.padasalai.net/2026/05/12th-standard-half-yearly-question-papers-2026-2027-answer-keys-download-plus-two-class-time-table.html
half-yearly	chemistry	2022	question-paper	perambalur	https://padasalai.info/wp-content/uploads/2022/12/12th-Chemistry-EM-Half-Yearly-Exam-2022-Original-Question-Paper-Perambalur-District-English-Medium-PDF-Download.pdf	https://www.padasalai.net/2026/05/12th-standard-half-yearly-question-papers-2026-2027-answer-keys-download-plus-two-class-time-table.html
half-yearly	chemistry	2022	question-paper	set	https://padasalai.info/wp-content/uploads/2022/12/12th-Chemistry-EM-Half-Yearly-Exam-2022-Original-Question-Paper-Thirunelveli-District-English-Medium-PDF-Download.pdf	https://www.padasalai.net/2026/05/12th-standard-half-yearly-question-papers-2026-2027-answer-keys-download-plus-two-class-time-table.html
half-yearly	chemistry	2022	question-paper	thanjavur	https://padasalai.info/wp-content/uploads/2023/01/12th-Chemistry-EM-Half-Yearly-Exam-2022-Original-Question-Paper-Thanjavur-District-English-Medium-PDF-Download.pdf	https://www.padasalai.net/2026/05/12th-standard-half-yearly-question-papers-2026-2027-answer-keys-download-plus-two-class-time-table.html
half-yearly	chemistry	2022	question-paper	thenkasi	https://padasalai.info/wp-content/uploads/2022/12/12th-Chemistry-EM-Half-Yearly-2022-Original-Question-Paper-Thenkasi-District-English-Medium-PDF-Download.pdf	https://www.padasalai.net/2026/05/12th-standard-half-yearly-question-papers-2026-2027-answer-keys-download-plus-two-class-time-table.html
half-yearly	chemistry	2022	question-paper	thenkasi	https://padasalai.info/wp-content/uploads/2022/12/12th-Chemistry-EM-Half-Yearly-Exam-2022-Original-Question-Paper-Thenkasi-District-English-Medium-PDF-Download.pdf	https://www.padasalai.net/2026/05/12th-standard-half-yearly-question-papers-2026-2027-answer-keys-download-plus-two-class-time-table.html
half-yearly	chemistry	2022	question-paper	tirupattur	https://padasalai.info/wp-content/uploads/2022/12/12th-Chemistry-EM-Half-Yearly-Exam-2022-Original-Question-Paper-Tirupattur-District-English-Medium-PDF-Download.pdf	https://www.padasalai.net/2026/05/12th-standard-half-yearly-question-papers-2026-2027-answer-keys-download-plus-two-class-time-table.html
half-yearly	chemistry	2023	answer-key	dindigul	https://padasalai.info/wp-content/uploads/2023/12/12th-Chemistry-EM-Half-Yearly-Exam-2023-Answer-Keys-Dindigul-District-English-Medium-PDF-Download.pdf	https://www.padasalai.net/2026/05/12th-standard-half-yearly-question-papers-2026-2027-answer-keys-download-plus-two-class-time-table.html
half-yearly	chemistry	2023	question-paper	chennai	https://padasalai.info/wp-content/uploads/2023/12/12th-Chemistry-EM-Half-Yearly-Exam-2023-Question-Paper-Chennai-District-English-Medium-PDF-Download.pdf	https://www.padasalai.net/2026/05/12th-standard-half-yearly-question-papers-2026-2027-answer-keys-download-plus-two-class-time-table.html
half-yearly	chemistry	2023	question-paper	cuddalore	https://padasalai.info/wp-content/uploads/2023/12/12th-Chemistry-EM-Half-Yearly-Exam-2023-Question-Paper-Cuddalore-District-English-Medium-PDF-Download.pdf	https://www.padasalai.net/2026/05/12th-standard-half-yearly-question-papers-2026-2027-answer-keys-download-plus-two-class-time-table.html
half-yearly	chemistry	2023	question-paper	kallakurichi	https://padasalai.info/wp-content/uploads/2023/12/12th-Chemistry-EM-Half-Yearly-Exam-2023-Question-Paper-Kallakurichi-District-English-Medium-PDF-Download.pdf	https://www.padasalai.net/2026/05/12th-standard-half-yearly-question-papers-2026-2027-answer-keys-download-plus-two-class-time-table.html
half-yearly	chemistry	2023	question-paper	madurai	https://padasalai.info/wp-content/uploads/2023/12/12th-Chemistry-EM-Half-Yearly-Exam-2023-Question-Paper-Madurai-District-English-Medium-PDF-Download.pdf	https://www.padasalai.net/2026/05/12th-standard-half-yearly-question-papers-2026-2027-answer-keys-download-plus-two-class-time-table.html
half-yearly	chemistry	2023	question-paper	set	https://padasalai.info/wp-content/uploads/2023/12/12th-Chemistry-EM-Half-Yearly-Exam-2023-Question-Paper-Covai-District-English-Medium-PDF-Download.pdf	https://www.padasalai.net/2026/05/12th-standard-half-yearly-question-papers-2026-2027-answer-keys-download-plus-two-class-time-table.html
half-yearly	chemistry	2023	question-paper	set	https://padasalai.info/wp-content/uploads/2024/01/12th-Chemistry-EM-Half-Yearly-Exam-2023-Question-Paper-Kanniyakumari-District-English-medium-PDF-Download.pdf	https://www.padasalai.net/2026/05/12th-standard-half-yearly-question-papers-2026-2027-answer-keys-download-plus-two-class-time-table.html
half-yearly	chemistry	2023	question-paper	set	https://padasalai.info/wp-content/uploads/2024/12/12th-Chemistry-Half-Yearly-Exam-2023-Original-Question-Paper-English-Medium-PDF-Download.pdf	https://www.padasalai.net/2026/05/12th-standard-half-yearly-question-papers-2026-2027-answer-keys-download-plus-two-class-time-table.html
half-yearly	chemistry	2023	question-paper	thenkasi	https://padasalai.info/wp-content/uploads/2024/01/12th-Chemistry-EM-Half-Yearly-Exam-2023-Question-Paper-Thenkasi-District-English-Medium-PDF-Download.pdf	https://www.padasalai.net/2026/05/12th-standard-half-yearly-question-papers-2026-2027-answer-keys-download-plus-two-class-time-table.html
half-yearly	chemistry	2023	question-paper	thenkasi	https://padasalai.info/wp-content/uploads/2024/01/12th-Chemistry-EM-Half-Yearly-Exam-2023-Question-Paper-Thenkasi-District-English-medium-PDF-Download.pdf	https://www.padasalai.net/2026/05/12th-standard-half-yearly-question-papers-2026-2027-answer-keys-download-plus-two-class-time-table.html
half-yearly	chemistry	2023	question-paper	tiruppur	https://padasalai.info/wp-content/uploads/2023/12/12th-Chemistry-EM-Half-Yearly-Exam-2023-Question-Paper-Tiruppur-District-English-Medium-PDF-Download.pdf	https://www.padasalai.net/2026/05/12th-standard-half-yearly-question-papers-2026-2027-answer-keys-download-plus-two-class-time-table.html
half-yearly	chemistry	2023	question-paper	toothukudi	https://padasalai.info/wp-content/uploads/2024/01/12th-Chemistry-EM-Half-Yearly-Exam-2023-Question-Paper-Toothukudi-District-English-medium-PDF-Download.pdf	https://www.padasalai.net/2026/05/12th-standard-half-yearly-question-papers-2026-2027-answer-keys-download-plus-two-class-time-table.html
half-yearly	chemistry	2023	question-paper	virudhunagar	https://padasalai.info/wp-content/uploads/2023/12/12th-Chemistry-EM-Half-Yearly-Exam-2023-Question-Paper-Virudhunagar-District-English-Medium-PDF-Download.pdf	https://www.padasalai.net/2026/05/12th-standard-half-yearly-question-papers-2026-2027-answer-keys-download-plus-two-class-time-table.html
half-yearly	chemistry	2024	answer-key	chennai	https://padasalai.info/wp-content/uploads/2024/12/12th-Chemistry-Half-Yearly-Exam-2024-Original-Question-Paper-With-Answer-Key-Chennai-District-English-Medium-PDF-Download.pdf	https://www.padasalai.net/2026/05/12th-standard-half-yearly-question-papers-2026-2027-answer-keys-download-plus-two-class-time-table.html
half-yearly	chemistry	2024	answer-key	dindigul	https://padasalai.info/wp-content/uploads/2024/12/12th-Chemistry-Half-Yearly-Exam-2024-Answer-Key-Dindigul-District-English-Medium-PDF-Download-1.pdf	https://www.padasalai.net/2026/05/12th-standard-half-yearly-question-papers-2026-2027-answer-keys-download-plus-two-class-time-table.html
half-yearly	chemistry	2024	answer-key	dindigul	https://padasalai.info/wp-content/uploads/2024/12/12th-Chemistry-Half-Yearly-Exam-2024-Answer-Key-Dindigul-District-English-Medium-PDF-Download.pdf	https://www.padasalai.net/2026/05/12th-standard-half-yearly-question-papers-2026-2027-answer-keys-download-plus-two-class-time-table.html
half-yearly	chemistry	2024	answer-key	tirupattur	https://padasalai.info/wp-content/uploads/2024/12/12th-Chemistry-Half-Yearly-Exam-2024-Answer-Key-Tirupattur-District-English-Medium-PDF-Download.pdf	https://www.padasalai.net/2026/05/12th-standard-half-yearly-question-papers-2026-2027-answer-keys-download-plus-two-class-time-table.html
half-yearly	chemistry	2024	answer-key	tiruppur	https://padasalai.info/wp-content/uploads/2024/12/12th-Chemistry-EM-Half-Yearly-Exam-2024-Question-Paper-with-Answer-Keys-Tiruppur-District-English-Medium-PDF-Download.pdf	https://www.padasalai.net/2026/05/12th-standard-half-yearly-question-papers-2026-2027-answer-keys-download-plus-two-class-time-table.html
half-yearly	chemistry	2024	answer-key	toothukudi	https://padasalai.info/wp-content/uploads/2024/12/12th-Chemistry-EM-Half-Yearly-Exam-2024-Answer-Keys-Toothukudi-District-English-Medium-PDF-Download.pdf	https://www.padasalai.net/2026/05/12th-standard-half-yearly-question-papers-2026-2027-answer-keys-download-plus-two-class-time-table.html
half-yearly	chemistry	2024	question-paper	chennai	https://padasalai.info/wp-content/uploads/2024/12/12th-Chemistry-Half-Yearly-Exam-2024-Original-Question-Paper-Chennai-District-English-Medium-PDF-Download.pdf	https://www.padasalai.net/2026/05/12th-standard-half-yearly-question-papers-2026-2027-answer-keys-download-plus-two-class-time-table.html
half-yearly	chemistry	2024	question-paper	dharmapuri	https://padasalai.info/wp-content/uploads/2024/12/12th-Chemistry-Half-Yearly-Exam-2024-Original-Question-Paper-Dharmapuri-District-English-Medium-PDF-Download.pdf	https://www.padasalai.net/2026/05/12th-standard-half-yearly-question-papers-2026-2027-answer-keys-download-plus-two-class-time-table.html
half-yearly	chemistry	2024	question-paper	dindigul	https://padasalai.info/wp-content/uploads/2024/12/12th-Chemistry-Half-Yearly-Exam-2024-Original-Question-Paper-Dindigul-District-English-Medium-PDF-Download-1.pdf	https://www.padasalai.net/2026/05/12th-standard-half-yearly-question-papers-2026-2027-answer-keys-download-plus-two-class-time-table.html
half-yearly	chemistry	2024	question-paper	dindigul	https://padasalai.info/wp-content/uploads/2024/12/12th-Chemistry-Half-Yearly-Exam-2024-Original-Question-Paper-Dindigul-District-English-Medium-PDF-Download.pdf	https://www.padasalai.net/2026/05/12th-standard-half-yearly-question-papers-2026-2027-answer-keys-download-plus-two-class-time-table.html
half-yearly	chemistry	2024	question-paper	erode	https://padasalai.info/wp-content/uploads/2024/12/12th-Chemistry-Half-Yearly-Exam-2024-Original-Question-Paper-Erode-District-English-Medium-PDF-Download.pdf	https://www.padasalai.net/2026/05/12th-standard-half-yearly-question-papers-2026-2027-answer-keys-download-plus-two-class-time-table.html
half-yearly	chemistry	2024	question-paper	kallakurichi	https://padasalai.info/wp-content/uploads/2024/12/12th-Chemistry-Half-Yearly-Exam-2024-Original-Question-Paper-Kallakurichi-District-English-Medium-PDF-Download-1.pdf	https://www.padasalai.net/2026/05/12th-standard-half-yearly-question-papers-2026-2027-answer-keys-download-plus-two-class-time-table.html
half-yearly	chemistry	2024	question-paper	kallakurichi	https://padasalai.info/wp-content/uploads/2024/12/12th-Chemistry-Half-Yearly-Exam-2024-Original-Question-Paper-Kallakurichi-District-English-Medium-PDF-Download.pdf	https://www.padasalai.net/2026/05/12th-standard-half-yearly-question-papers-2026-2027-answer-keys-download-plus-two-class-time-table.html
half-yearly	chemistry	2024	question-paper	kallakurichi	https://padasalai.info/wp-content/uploads/2025/02/12th-Chemistry-EM-Half-Yearly-Test-2024-25-Question-Paper-Kallakurichi-District-English-Medium-PDF-Download.pdf	https://www.padasalai.net/2026/05/12th-standard-half-yearly-question-papers-2026-2027-answer-keys-download-plus-two-class-time-table.html
half-yearly	chemistry	2024	question-paper	pudukkottai	https://padasalai.info/wp-content/uploads/2024/12/12th-Chemistry-Half-Yearly-Exam-2024-Original-Question-Paper-Pudukkottai-District-English-Medium-PDF-Download.pdf	https://www.padasalai.net/2026/05/12th-standard-half-yearly-question-papers-2026-2027-answer-keys-download-plus-two-class-time-table.html
half-yearly	chemistry	2024	question-paper	ramanathapuram	https://padasalai.info/wp-content/uploads/2024/12/12th-Chemistry-Half-Yearly-Exam-2024-Original-Question-Paper-Ramanathapuram-District-English-Medium-PDF-Download.pdf	https://www.padasalai.net/2026/05/12th-standard-half-yearly-question-papers-2026-2027-answer-keys-download-plus-two-class-time-table.html
half-yearly	chemistry	2024	question-paper	salem	https://padasalai.info/wp-content/uploads/2024/12/12th-Chemistry-Half-Yearly-Exam-2024-Original-Question-Paper-Salem-District-English-Medium-PDF-Download.pdf	https://www.padasalai.net/2026/05/12th-standard-half-yearly-question-papers-2026-2027-answer-keys-download-plus-two-class-time-table.html
half-yearly	chemistry	2024	question-paper	set	https://padasalai.info/wp-content/uploads/2024/12/12th-Chemistry-Half-Yearly-Exam-2024-Original-Question-Paper-English-Medium-PDF-Download.pdf	https://www.padasalai.net/2026/05/12th-standard-half-yearly-question-papers-2026-2027-answer-keys-download-plus-two-class-time-table.html
half-yearly	chemistry	2024	question-paper	set	https://padasalai.info/wp-content/uploads/2024/12/12th-Chemistry-Half-Yearly-Exam-2024-Original-Question-Paper-Kanniyakumari-District-English-Medium-PDF-Download.pdf	https://www.padasalai.net/2026/05/12th-standard-half-yearly-question-papers-2026-2027-answer-keys-download-plus-two-class-time-table.html
half-yearly	chemistry	2024	question-paper	tenkasi	https://padasalai.info/wp-content/uploads/2024/12/12th-Chemistry-Half-Yearly-Exam-2024-Original-Question-Paper-Tenkasi-District-English-Medium-PDF-Download.pdf	https://www.padasalai.net/2026/05/12th-standard-half-yearly-question-papers-2026-2027-answer-keys-download-plus-two-class-time-table.html
half-yearly	chemistry	2024	question-paper	thanjavur	https://padasalai.info/wp-content/uploads/2024/12/12th-Chemistry-Half-Yearly-Exam-2024-Original-Question-Paper-Thanjavur-District-English-Medium-PDF-Download-1.pdf	https://www.padasalai.net/2026/05/12th-standard-half-yearly-question-papers-2026-2027-answer-keys-download-plus-two-class-time-table.html
half-yearly	chemistry	2024	question-paper	thanjavur	https://padasalai.info/wp-content/uploads/2024/12/12th-Chemistry-Half-Yearly-Exam-2024-Original-Question-Paper-Thanjavur-District-English-Medium-PDF-Download.pdf	https://www.padasalai.net/2026/05/12th-standard-half-yearly-question-papers-2026-2027-answer-keys-download-plus-two-class-time-table.html
half-yearly	chemistry	2024	question-paper	thiruvannamalai	https://padasalai.info/wp-content/uploads/2025/01/12th-Chemistry-Half-Yearly-Exam-2024-Original-Question-Paper-Thiruvannamalai-District-English-Medium-PDF-Download.pdf	https://www.padasalai.net/2026/05/12th-standard-half-yearly-question-papers-2026-2027-answer-keys-download-plus-two-class-time-table.html
half-yearly	chemistry	2024	question-paper	thoothukudi	https://padasalai.info/wp-content/uploads/2024/12/12th-Chemistry-Half-Yearly-Exam-2024-Original-Question-Paper-Thoothukudi-District-English-Medium-PDF-Download.pdf	https://www.padasalai.net/2026/05/12th-standard-half-yearly-question-papers-2026-2027-answer-keys-download-plus-two-class-time-table.html
half-yearly	chemistry	2024	question-paper	tirupattur	https://padasalai.info/wp-content/uploads/2024/12/12th-Chemistry-Half-Yearly-Exam-2024-Original-Question-Paper-Tirupattur-District-English-Medium-PDF-Download-1.pdf	https://www.padasalai.net/2026/05/12th-standard-half-yearly-question-papers-2026-2027-answer-keys-download-plus-two-class-time-table.html
half-yearly	chemistry	2024	question-paper	tirupattur	https://padasalai.info/wp-content/uploads/2024/12/12th-Chemistry-Half-Yearly-Exam-2024-Original-Question-Paper-Tirupattur-District-English-Medium-PDF-Download.pdf	https://www.padasalai.net/2026/05/12th-standard-half-yearly-question-papers-2026-2027-answer-keys-download-plus-two-class-time-table.html
half-yearly	chemistry	2024	question-paper	tiruppur	https://padasalai.info/wp-content/uploads/2024/12/12th-Chemistry-Half-Yearly-Exam-2024-Original-Question-Paper-Tiruppur-District-English-Medium-PDF-Download.pdf	https://www.padasalai.net/2026/05/12th-standard-half-yearly-question-papers-2026-2027-answer-keys-download-plus-two-class-time-table.html
half-yearly	chemistry	2024	question-paper	vellore	https://padasalai.info/wp-content/uploads/2024/12/12th-Chemistry-Half-Yearly-Exam-2024-Original-Question-Paper-Vellore-District-English-Medium-PDF-Download.pdf	https://www.padasalai.net/2026/05/12th-standard-half-yearly-question-papers-2026-2027-answer-keys-download-plus-two-class-time-table.html
half-yearly	chemistry	2024	question-paper	virudhunagar	https://padasalai.info/wp-content/uploads/2024/12/12th-Chemistry-Half-Yearly-Exam-2024-Original-Question-Paper-Virudhunagar-District-English-Medium-PDF-Download.pdf	https://www.padasalai.net/2026/05/12th-standard-half-yearly-question-papers-2026-2027-answer-keys-download-plus-two-class-time-table.html
half-yearly	chemistry	2025	answer-key	chennai	https://drive.usercontent.google.com/download?id=1F_lKSBmnv2tzi2i6aQQDcIMAt8GzxvFd&export=download&confirm=t	https://www.padasalai.net/2026/05/12th-standard-half-yearly-question-papers-2026-2027-answer-keys-download-plus-two-class-time-table.html
half-yearly	chemistry	2025	answer-key	chennai	https://drive.usercontent.google.com/download?id=1iaP8zik4mvAkP43aQBcvX4uCv-zxCGmb&export=download&confirm=t	https://www.padasalai.net/2026/05/12th-standard-half-yearly-question-papers-2026-2027-answer-keys-download-plus-two-class-time-table.html
half-yearly	chemistry	2025	answer-key	coimbatore	https://drive.usercontent.google.com/download?id=1ubX44WNcydiQrtHh8AvOF_JPOPCDbi7H&export=download&confirm=t	https://www.padasalai.net/2025/07/12th-half-yearly-question-papers-2025-answer-keys-download-plus-two-class-time-table-2026.html
half-yearly	chemistry	2025	answer-key	cuddalore	https://drive.usercontent.google.com/download?id=17ozVbAj4u6Vey_7i7KCYwgTfJTeOvm5W&export=download&confirm=t	https://www.padasalai.net/2025/07/12th-half-yearly-question-papers-2025-answer-keys-download-plus-two-class-time-table-2026.html
half-yearly	chemistry	2025	answer-key	cuddalore	https://drive.usercontent.google.com/download?id=1TtDRsuuI39R7aHONE9BIrfFBazLoAVfo&export=download&confirm=t	https://www.padasalai.net/2025/07/12th-half-yearly-question-papers-2025-answer-keys-download-plus-two-class-time-table-2026.html
half-yearly	chemistry	2025	answer-key	cuddalore	https://drive.usercontent.google.com/download?id=11lafhPlmrvLcs_f_8QojrRRVz9-XL-39&export=download&confirm=t	https://www.padasalai.net/2025/07/12th-half-yearly-question-papers-2025-answer-keys-download-plus-two-class-time-table-2026.html
half-yearly	chemistry	2025	answer-key	cuddalore	https://drive.usercontent.google.com/download?id=1WD3vsfSdFeg6sFsDzkA3JPPjpXLlyppQ&export=download&confirm=t	https://www.padasalai.net/2025/07/12th-half-yearly-question-papers-2025-answer-keys-download-plus-two-class-time-table-2026.html
half-yearly	chemistry	2025	answer-key	cuddalore	https://drive.usercontent.google.com/download?id=1LtnCHHBCeT8YoVWoo836_clojY09vuHJ&export=download&confirm=t	https://www.padasalai.net/2025/07/12th-half-yearly-question-papers-2025-answer-keys-download-plus-two-class-time-table-2026.html
half-yearly	chemistry	2025	answer-key	cuddalore	https://padasalai.info/wp-content/uploads/2025/01/12th-Chemistry-Half-Yearly-Exam-2025-Answer-Key-Cuddalore-District-English-Medium-PDF-Download.pdf	https://www.padasalai.net/2026/05/12th-standard-half-yearly-question-papers-2026-2027-answer-keys-download-plus-two-class-time-table.html
half-yearly	chemistry	2025	answer-key	erode	https://drive.usercontent.google.com/download?id=1Oo7GEQU8z7PJmfYl5oLE05n4BLxRVGR7&export=download&confirm=t	https://www.padasalai.net/2025/07/12th-half-yearly-question-papers-2025-answer-keys-download-plus-two-class-time-table-2026.html
half-yearly	chemistry	2025	answer-key	karur	https://drive.usercontent.google.com/download?id=1DHvkEM7Z6ZGngQN8zmJZZZmEDWuvTzJy&export=download&confirm=t	https://www.padasalai.net/2025/07/12th-half-yearly-question-papers-2025-answer-keys-download-plus-two-class-time-table-2026.html
half-yearly	chemistry	2025	answer-key	karur	https://drive.usercontent.google.com/download?id=1TC_EwTRawTSK1c3oyipzlEVuW6jZMXRn&export=download&confirm=t	https://www.padasalai.net/2025/07/12th-half-yearly-question-papers-2025-answer-keys-download-plus-two-class-time-table-2026.html
half-yearly	chemistry	2025	answer-key	karur	https://drive.usercontent.google.com/download?id=1oUctzSwFgZjvJMMmJc56-Q0ny315FHzI&export=download&confirm=t	https://www.padasalai.net/2025/07/12th-half-yearly-question-papers-2025-answer-keys-download-plus-two-class-time-table-2026.html
half-yearly	chemistry	2025	answer-key	karur	https://drive.usercontent.google.com/download?id=1eFFBtngVHjnlmMwrCvtofBqSgWtgpZ2K&export=download&confirm=t	https://www.padasalai.net/2025/07/12th-half-yearly-question-papers-2025-answer-keys-download-plus-two-class-time-table-2026.html
half-yearly	chemistry	2025	answer-key	krishnagiri	https://drive.usercontent.google.com/download?id=1rUSMaG-LQ1CXqwSOQ7wxmBm-lArvv0gI&export=download&confirm=t	https://www.padasalai.net/2025/07/12th-half-yearly-question-papers-2025-answer-keys-download-plus-two-class-time-table-2026.html
half-yearly	chemistry	2025	answer-key	krishnagiri	https://drive.usercontent.google.com/download?id=1tEeLljxf3fUI5u5fEz-gTLkyq_0pehZY&export=download&confirm=t	https://www.padasalai.net/2025/07/12th-half-yearly-question-papers-2025-answer-keys-download-plus-two-class-time-table-2026.html
half-yearly	chemistry	2025	answer-key	madurai	https://drive.usercontent.google.com/download?id=1y5hUiuVLqvCUNbLVFCsbgMrBzJLzeupb&export=download&confirm=t	https://www.padasalai.net/2025/07/12th-half-yearly-question-papers-2025-answer-keys-download-plus-two-class-time-table-2026.html
half-yearly	chemistry	2025	answer-key	pudhukottai	https://drive.usercontent.google.com/download?id=1K1vQ57ZKhKHVlX6EKhS3kxpviHfrsdoJ&export=download&confirm=t	https://www.padasalai.net/2025/07/12th-half-yearly-question-papers-2025-answer-keys-download-plus-two-class-time-table-2026.html
half-yearly	chemistry	2025	answer-key	pudhukottai	https://drive.usercontent.google.com/download?id=1v9eNGUeolKyFWCgjG04ggVBZp7VdtZIK&export=download&confirm=t	https://www.padasalai.net/2025/07/12th-half-yearly-question-papers-2025-answer-keys-download-plus-two-class-time-table-2026.html
half-yearly	chemistry	2025	answer-key	salem	https://drive.usercontent.google.com/download?id=1CGxwto8qOFpf9yjs0vKQQ-mq2287G691&export=download&confirm=t	https://www.padasalai.net/2025/07/12th-half-yearly-question-papers-2025-answer-keys-download-plus-two-class-time-table-2026.html
half-yearly	chemistry	2025	answer-key	tiruppur	https://drive.usercontent.google.com/download?id=19xIQxS9uvYCxGC0Zbik7x-Kv5vAPFnr3&export=download&confirm=t	https://www.padasalai.net/2025/07/12th-half-yearly-question-papers-2025-answer-keys-download-plus-two-class-time-table-2026.html
half-yearly	chemistry	2025	question-paper	chennai	https://drive.usercontent.google.com/download?id=1K4bjoNGxJp12rOBXpE80fQGJjF_sydXX&export=download&confirm=t	https://www.padasalai.net/2025/07/12th-half-yearly-question-papers-2025-answer-keys-download-plus-two-class-time-table-2026.html
half-yearly	chemistry	2025	question-paper	coimbatore	https://drive.usercontent.google.com/download?id=1LqjRq2g91d-Ivn9RmLnoIRMN-rQuqdov&export=download&confirm=t	https://www.padasalai.net/2025/07/12th-half-yearly-question-papers-2025-answer-keys-download-plus-two-class-time-table-2026.html
half-yearly	chemistry	2025	question-paper	coimbatore	https://drive.usercontent.google.com/download?id=1aU98HBTyS-s_q3fsQK3TEI7NSUjh-A40&export=download&confirm=t	https://www.padasalai.net/2025/07/12th-half-yearly-question-papers-2025-answer-keys-download-plus-two-class-time-table-2026.html
half-yearly	chemistry	2025	question-paper	coimbatore	https://drive.usercontent.google.com/download?id=1A1XOXlr-g9uoqe4YtraclxJCTlhFdF8t&export=download&confirm=t	https://www.padasalai.net/2025/07/12th-half-yearly-question-papers-2025-answer-keys-download-plus-two-class-time-table-2026.html
half-yearly	chemistry	2025	question-paper	cuddalore	https://drive.usercontent.google.com/download?id=10NjOGw_lqlTvI9mxLos1j1vVxiMSj8q1&export=download&confirm=t	https://www.padasalai.net/2025/07/12th-half-yearly-question-papers-2025-answer-keys-download-plus-two-class-time-table-2026.html
half-yearly	chemistry	2025	question-paper	cuddalore	https://drive.usercontent.google.com/download?id=1KAf8y76QQnTA9Fa3Rb2fxO5LCe04B10H&export=download&confirm=t	https://www.padasalai.net/2025/07/12th-half-yearly-question-papers-2025-answer-keys-download-plus-two-class-time-table-2026.html
half-yearly	chemistry	2025	question-paper	cuddalore	https://drive.usercontent.google.com/download?id=1MWe_sFBxcHrcKbCNmuohQrS0RFYJ9xyd&export=download&confirm=t	https://www.padasalai.net/2025/07/12th-half-yearly-question-papers-2025-answer-keys-download-plus-two-class-time-table-2026.html
half-yearly	chemistry	2025	question-paper	cuddalore	https://drive.usercontent.google.com/download?id=1gec67ndxcNHKCPnm-vNQ-e1v1-IsvptB&export=download&confirm=t	https://www.padasalai.net/2025/07/12th-half-yearly-question-papers-2025-answer-keys-download-plus-two-class-time-table-2026.html
half-yearly	chemistry	2025	question-paper	cuddalore	https://padasalai.info/wp-content/uploads/2025/01/12th-Chemistry-Half-Yearly-Exam-2025-Original-Question-Paper-Cuddalore-District-English-Medium-PDF-Download.pdf	https://www.padasalai.net/2026/05/12th-standard-half-yearly-question-papers-2026-2027-answer-keys-download-plus-two-class-time-table.html
half-yearly	chemistry	2025	question-paper	dharmapuri	https://drive.usercontent.google.com/download?id=1AKOyJpqQjrD8J9ZxECOhW54r2orSVq2Q&export=download&confirm=t	https://www.padasalai.net/2025/07/12th-half-yearly-question-papers-2025-answer-keys-download-plus-two-class-time-table-2026.html
half-yearly	chemistry	2025	question-paper	dharmapuri	https://drive.usercontent.google.com/download?id=1EUEebi9qESOASkq1seYz9OMXOalmEJS_&export=download&confirm=t	https://www.padasalai.net/2025/07/12th-half-yearly-question-papers-2025-answer-keys-download-plus-two-class-time-table-2026.html
half-yearly	chemistry	2025	question-paper	dharmapuri	https://drive.usercontent.google.com/download?id=14vKGHBEjgtaomAPfpRl-hlLRvNS8ky0d&export=download&confirm=t	https://www.padasalai.net/2025/07/12th-half-yearly-question-papers-2025-answer-keys-download-plus-two-class-time-table-2026.html
half-yearly	chemistry	2025	question-paper	dindugal	https://drive.usercontent.google.com/download?id=1kWh9Uf5wj0WMJD37vniw7eshaD7Ak6SK&export=download&confirm=t	https://www.padasalai.net/2025/07/12th-half-yearly-question-papers-2025-answer-keys-download-plus-two-class-time-table-2026.html
half-yearly	chemistry	2025	question-paper	dindugal	https://drive.usercontent.google.com/download?id=1jLtTv1KuMjl0Dz2MbGabxs89qCk_xCa3&export=download&confirm=t	https://www.padasalai.net/2025/07/12th-half-yearly-question-papers-2025-answer-keys-download-plus-two-class-time-table-2026.html
half-yearly	chemistry	2025	question-paper	dindugal	https://drive.usercontent.google.com/download?id=1-_iUBX2jkliOYOLhVZCHBo5inmGAKoU9&export=download&confirm=t	https://www.padasalai.net/2025/07/12th-half-yearly-question-papers-2025-answer-keys-download-plus-two-class-time-table-2026.html
half-yearly	chemistry	2025	question-paper	dindugal	https://drive.usercontent.google.com/download?id=1OW95w2x61_etAqCyar_YoFqsXsVhJiFL&export=download&confirm=t	https://www.padasalai.net/2025/07/12th-half-yearly-question-papers-2025-answer-keys-download-plus-two-class-time-table-2026.html
half-yearly	chemistry	2025	question-paper	kanchipuram	https://drive.usercontent.google.com/download?id=14OWWUrnqWX9ZF1eEZ8W8SL-kcqu-SQxn&export=download&confirm=t	https://www.padasalai.net/2025/07/12th-half-yearly-question-papers-2025-answer-keys-download-plus-two-class-time-table-2026.html
half-yearly	chemistry	2025	question-paper	karur	https://drive.usercontent.google.com/download?id=1vKFNcEQKm98DhBDRDjDrX1qQg2rwYwAd&export=download&confirm=t	https://www.padasalai.net/2025/07/12th-half-yearly-question-papers-2025-answer-keys-download-plus-two-class-time-table-2026.html
half-yearly	chemistry	2025	question-paper	krishnagiri	https://drive.usercontent.google.com/download?id=1TrgoN19B3RNeD02OKjsisulP8ZroTJ1G&export=download&confirm=t	https://www.padasalai.net/2025/07/12th-half-yearly-question-papers-2025-answer-keys-download-plus-two-class-time-table-2026.html
half-yearly	chemistry	2025	question-paper	krishnagiri	https://drive.usercontent.google.com/download?id=1rwVXqcMhFgBZ-LpWgc3UtvMUR_6XTG-R&export=download&confirm=t	https://www.padasalai.net/2025/07/12th-half-yearly-question-papers-2025-answer-keys-download-plus-two-class-time-table-2026.html
half-yearly	chemistry	2025	question-paper	namakkal	https://drive.usercontent.google.com/download?id=10xfrzKMpEC7mmDsrgnpVhbbUOItbdyCX&export=download&confirm=t	https://www.padasalai.net/2025/07/12th-half-yearly-question-papers-2025-answer-keys-download-plus-two-class-time-table-2026.html
half-yearly	chemistry	2025	question-paper	namakkal	https://drive.usercontent.google.com/download?id=1hOPkZfdXWLWqXnDfFoZ-fRt0btIq-2Yf&export=download&confirm=t	https://www.padasalai.net/2025/07/12th-half-yearly-question-papers-2025-answer-keys-download-plus-two-class-time-table-2026.html
half-yearly	chemistry	2025	question-paper	namakkal	https://drive.usercontent.google.com/download?id=1YGDni38udSrKuZ-pZdzzRnDsYHHSsDXh&export=download&confirm=t	https://www.padasalai.net/2025/07/12th-half-yearly-question-papers-2025-answer-keys-download-plus-two-class-time-table-2026.html
half-yearly	chemistry	2025	question-paper	pudhukottai	https://drive.usercontent.google.com/download?id=1JgCcqyea4b5rwhsQm-3Hg9aLJbwSty6_&export=download&confirm=t	https://www.padasalai.net/2025/07/12th-half-yearly-question-papers-2025-answer-keys-download-plus-two-class-time-table-2026.html
half-yearly	chemistry	2025	question-paper	salem	https://drive.usercontent.google.com/download?id=1CERf_nqw3tEnfpT97zWFQwoROpqhQJ1c&export=download&confirm=t	https://www.padasalai.net/2025/07/12th-half-yearly-question-papers-2025-answer-keys-download-plus-two-class-time-table-2026.html
half-yearly	chemistry	2025	question-paper	sivagasi	https://drive.usercontent.google.com/download?id=1LzQvIRqgeYKJ9DUDyCB-aUbiM8NxMXwz&export=download&confirm=t	https://www.padasalai.net/2025/07/12th-half-yearly-question-papers-2025-answer-keys-download-plus-two-class-time-table-2026.html
half-yearly	chemistry	2025	question-paper	sivagasi	https://drive.usercontent.google.com/download?id=16dGDHTTqT63a_Q1P1zEyaAMqCyCXQC8i&export=download&confirm=t	https://www.padasalai.net/2025/07/12th-half-yearly-question-papers-2025-answer-keys-download-plus-two-class-time-table-2026.html
half-yearly	chemistry	2025	question-paper	tenkasi	https://drive.usercontent.google.com/download?id=1dnADKeNIYJffyIex1mjr_GMTiUESwVsN&export=download&confirm=t	https://www.padasalai.net/2025/07/12th-half-yearly-question-papers-2025-answer-keys-download-plus-two-class-time-table-2026.html
half-yearly	chemistry	2025	question-paper	thiruvarur	https://drive.usercontent.google.com/download?id=1IfMbHP6DaOOtbjCm7M89XjLGMXepLoM4&export=download&confirm=t	https://www.padasalai.net/2025/07/12th-half-yearly-question-papers-2025-answer-keys-download-plus-two-class-time-table-2026.html
half-yearly	chemistry	2025	question-paper	tirupattur	https://drive.usercontent.google.com/download?id=1T61gYBlk9to29Kvxo62AS90j7Cvl3rfP&export=download&confirm=t	https://www.padasalai.net/2025/07/12th-half-yearly-question-papers-2025-answer-keys-download-plus-two-class-time-table-2026.html
half-yearly	chemistry	2025	question-paper	tirupattur	https://drive.usercontent.google.com/download?id=10nQVp_YOe7BEZxSQ8QDdXa93lk6ivRbt&export=download&confirm=t	https://www.padasalai.net/2025/07/12th-half-yearly-question-papers-2025-answer-keys-download-plus-two-class-time-table-2026.html
half-yearly	chemistry	2025	question-paper	toothukudi	https://drive.usercontent.google.com/download?id=1pn97MBixVglncqCCRnBjkO8HovI3y4Pw&export=download&confirm=t	https://www.padasalai.net/2025/07/12th-half-yearly-question-papers-2025-answer-keys-download-plus-two-class-time-table-2026.html
half-yearly	chemistry	2025	question-paper	toothukudi	https://drive.usercontent.google.com/download?id=1c9bljY9QQBPYKAu3yaDZE9O9-NYt_wkN&export=download&confirm=t	https://www.padasalai.net/2025/07/12th-half-yearly-question-papers-2025-answer-keys-download-plus-two-class-time-table-2026.html
half-yearly	maths	2019	answer-key	set	https://drive.usercontent.google.com/download?id=1YRxvNLkK5VosiPEUyl28AxvfGFfMidKZ&export=download&confirm=t	https://www.padasalai.net/2023/10/Plus-Two-12th-Half-Yearly-Exam-2023-2024-Question-Papers-Answer-Keys-Time-Table-PDF-Download.html
half-yearly	maths	2019	answer-key	set	https://drive.usercontent.google.com/download?id=1buSOQ-U-AquBTLD1nhezljF7COOp8s4x&export=download&confirm=t	https://www.padasalai.net/2023/10/Plus-Two-12th-Half-Yearly-Exam-2023-2024-Question-Papers-Answer-Keys-Time-Table-PDF-Download.html
half-yearly	maths	2019	answer-key	set	https://drive.usercontent.google.com/download?id=1fJyrU4pWWfLp68GEKWn8kY_3lz-Ro7U-&export=download&confirm=t	https://www.padasalai.net/2023/10/Plus-Two-12th-Half-Yearly-Exam-2023-2024-Question-Papers-Answer-Keys-Time-Table-PDF-Download.html
half-yearly	maths	2019	answer-key	set	https://drive.usercontent.google.com/download?id=1WOqPK7W7Ca6LR5v5AF2drHzyfFj5HMp5&export=download&confirm=t	https://www.padasalai.net/2023/10/Plus-Two-12th-Half-Yearly-Exam-2023-2024-Question-Papers-Answer-Keys-Time-Table-PDF-Download.html
half-yearly	maths	2019	answer-key	set	https://drive.usercontent.google.com/download?id=1mthpUqcxOOedKc7q3MZOg0mLUBAqroip&export=download&confirm=t	https://www.padasalai.net/2023/10/Plus-Two-12th-Half-Yearly-Exam-2023-2024-Question-Papers-Answer-Keys-Time-Table-PDF-Download.html
half-yearly	maths	2019	question-paper	set	https://padasalai.info/wp-content/uploads/2022/11/12th-Maths-Half-Yearly-Exam-2019-Original-Question-Paper-English-Medium-PDF-Download.pdf	https://www.padasalai.net/2026/05/12th-standard-half-yearly-question-papers-2026-2027-answer-keys-download-plus-two-class-time-table.html
half-yearly	maths	2020	question-paper	model	https://padasalai.info/wp-content/uploads/2022/11/12th-Maths-Model-Question-Paper-for-Half-Yearly-Exam-2020-2021-English-Medium-PDF-Download.pdf	https://www.padasalai.net/2026/05/12th-standard-half-yearly-question-papers-2026-2027-answer-keys-download-plus-two-class-time-table.html
half-yearly	maths	2022	answer-key	namakkal	https://padasalai.info/wp-content/uploads/2022/12/12th-Maths-EM-Answer-Keys-to-Half-Yearly-Exam-2022-Original-Question-Paper-Namakkal-District-English-Medium-PDF-Download.pdf	https://www.padasalai.net/2026/05/12th-standard-half-yearly-question-papers-2026-2027-answer-keys-download-plus-two-class-time-table.html
half-yearly	maths	2022	answer-key	thiruvallur	https://padasalai.info/wp-content/uploads/2022/12/12th-Maths-EM-Half-Yearly-Exam-2022-Original-Question-Paper-with-Answer-Keys-Thiruvallur-District-English-Medium-PDF-Download.pdf	https://www.padasalai.net/2026/05/12th-standard-half-yearly-question-papers-2026-2027-answer-keys-download-plus-two-class-time-table.html
half-yearly	maths	2022	answer-key	thiruvannamalai	https://padasalai.info/wp-content/uploads/2022/12/12th-Maths-EM-Answer-Key-Half-Yearly-Exam-2022-Original-Question-Paper-Thiruvannamalai-District-English-Medium-PDF-Download.pdf	https://www.padasalai.net/2026/05/12th-standard-half-yearly-question-papers-2026-2027-answer-keys-download-plus-two-class-time-table.html
half-yearly	maths	2022	answer-key	trichy	https://padasalai.info/wp-content/uploads/2022/12/12th-Business-Maths-EM-Half-Yearly-Exam-2022-Original-Question-Paper-with-Answer-Keys-Trichy-District-English-Medium-PDF-Download.pdf	https://www.padasalai.net/2026/05/12th-standard-half-yearly-question-papers-2026-2027-answer-keys-download-plus-two-class-time-table.html
half-yearly	maths	2022	question-paper	erode	https://padasalai.info/wp-content/uploads/2022/12/12th-Maths-EM-Half-Yearly-Exam-2022-Original-Question-Paper-Erode-District-English-Medium-PDF-Download.pdf	https://www.padasalai.net/2026/05/12th-standard-half-yearly-question-papers-2026-2027-answer-keys-download-plus-two-class-time-table.html
half-yearly	maths	2022	question-paper	kallakurichi	https://padasalai.info/wp-content/uploads/2022/12/12th-Maths-EM-Half-Yearly-Exam-2022-Original-Question-Paper-Kallakurichi-District-English-Medium-PDF-Download-1.pdf	https://www.padasalai.net/2026/05/12th-standard-half-yearly-question-papers-2026-2027-answer-keys-download-plus-two-class-time-table.html
half-yearly	maths	2022	question-paper	kallakurichi	https://padasalai.info/wp-content/uploads/2022/12/12th-Maths-EM-Half-Yearly-Exam-2022-Original-Question-Paper-Kallakurichi-District-English-Medium-PDF-Download.pdf	https://www.padasalai.net/2026/05/12th-standard-half-yearly-question-papers-2026-2027-answer-keys-download-plus-two-class-time-table.html
half-yearly	maths	2022	question-paper	krishnagiri	https://padasalai.info/wp-content/uploads/2022/12/12th-Maths-EM-Half-Yearly-Exam-2022-Original-Question-Paper-Krishnagiri-District-English-Medium-PDF-Download.pdf	https://www.padasalai.net/2026/05/12th-standard-half-yearly-question-papers-2026-2027-answer-keys-download-plus-two-class-time-table.html
half-yearly	maths	2022	question-paper	model	https://padasalai.info/wp-content/uploads/2022/11/12th-Maths-Half-Yearly-Exam-2022-2023-Model-Question-Paper-English-Medium-PDF-Download.pdf	https://www.padasalai.net/2026/05/12th-standard-half-yearly-question-papers-2026-2027-answer-keys-download-plus-two-class-time-table.html
half-yearly	maths	2022	question-paper	model	https://padasalai.info/wp-content/uploads/2022/12/12th-Business-Maths-EM-Half-Yearly-Exam-2022-Model-Question-Paper-English-Medium-PDF-Download.pdf	https://www.padasalai.net/2026/05/12th-standard-half-yearly-question-papers-2026-2027-answer-keys-download-plus-two-class-time-table.html
half-yearly	maths	2022	question-paper	model	https://padasalai.info/wp-content/uploads/2022/12/12th-Maths-Half-Yearly-Exam-Model-Question-Paper-2022-2023-English-Medium-PDF-Download.pdf	https://www.padasalai.net/2026/05/12th-standard-half-yearly-question-papers-2026-2027-answer-keys-download-plus-two-class-time-table.html
half-yearly	maths	2022	question-paper	set	https://padasalai.info/wp-content/uploads/2023/01/12th-Maths-EM-Half-Yearly-Exam-2022-Original-Question-Paper-Tanjavur-District-English-Medium-PDF-Download.pdf	https://www.padasalai.net/2026/05/12th-standard-half-yearly-question-papers-2026-2027-answer-keys-download-plus-two-class-time-table.html
half-yearly	maths	2022	question-paper	thenkasi	https://padasalai.info/wp-content/uploads/2022/12/12th-Maths-EM-Half-Yearly-Exam-2022-Original-Question-Paper-Thenkasi-District-English-Medium-PDF-Download.pdf	https://www.padasalai.net/2026/05/12th-standard-half-yearly-question-papers-2026-2027-answer-keys-download-plus-two-class-time-table.html
half-yearly	maths	2022	question-paper	thiruvallur	https://padasalai.info/wp-content/uploads/2022/12/12th-Business-Maths-EM-Half-Yearly-Exam-2022-Original-Question-Paper-Thiruvallur-District-English-Medium-PDF-Download.pdf	https://www.padasalai.net/2026/05/12th-standard-half-yearly-question-papers-2026-2027-answer-keys-download-plus-two-class-time-table.html
half-yearly	maths	2022	question-paper	thiruvallur	https://padasalai.info/wp-content/uploads/2022/12/12th-Maths-EM-Half-Yearly-Exam-2022-Original-Question-Paper-Thiruvallur-District-English-Medium-PDF-Download.pdf	https://www.padasalai.net/2026/05/12th-standard-half-yearly-question-papers-2026-2027-answer-keys-download-plus-two-class-time-table.html
half-yearly	maths	2022	question-paper	thiruvannamalai	https://padasalai.info/wp-content/uploads/2022/12/12th-Maths-EM-Half-Yearly-Exam-2022-Original-Question-Paper-Thiruvannamalai-District-English-Medium-PDF-Download.pdf	https://www.padasalai.net/2026/05/12th-standard-half-yearly-question-papers-2026-2027-answer-keys-download-plus-two-class-time-table.html
half-yearly	maths	2022	question-paper	tirupattur	https://padasalai.info/wp-content/uploads/2022/12/12th-Maths-EM-Half-Yearly-Exam-2022-Original-Question-Paper-Tirupattur-District-English-Medium-PDF-Download.pdf	https://www.padasalai.net/2026/05/12th-standard-half-yearly-question-papers-2026-2027-answer-keys-download-plus-two-class-time-table.html
half-yearly	maths	2022	question-paper	virudhunagar	https://padasalai.info/wp-content/uploads/2022/12/12th-Business-Maths-EM-Half-Yearly-Exam-2022-Original-Question-Paper-Virudhunagar-District-English-Medium-PDF-Download.pdf	https://www.padasalai.net/2026/05/12th-standard-half-yearly-question-papers-2026-2027-answer-keys-download-plus-two-class-time-table.html
half-yearly	maths	2022	question-paper	virudhunagar	https://padasalai.info/wp-content/uploads/2022/12/12th-Maths-EM-Half-Yearly-Exam-2022-Original-Question-Paper-Virudhunagar-District-English-Medium-PDF-Download.pdf	https://www.padasalai.net/2026/05/12th-standard-half-yearly-question-papers-2026-2027-answer-keys-download-plus-two-class-time-table.html
half-yearly	maths	2023	answer-key	kallakurichi	https://padasalai.info/wp-content/uploads/2023/12/12th-Maths-EM-Half-Yearly-Exam-2023-Question-Paper-with-Answer-Keys-Kallakurichi-District-English-Medium-PDF-Download.pdf	https://www.padasalai.net/2026/05/12th-standard-half-yearly-question-papers-2026-2027-answer-keys-download-plus-two-class-time-table.html
half-yearly	maths	2023	answer-key	set	https://padasalai.info/wp-content/uploads/2023/12/12th-Maths-EM-Answer-Keys-to-Half-Yearly-Exam-2023-Verllore-District-Englsih-Medium-PDF-Download.pdf	https://www.padasalai.net/2026/05/12th-standard-half-yearly-question-papers-2026-2027-answer-keys-download-plus-two-class-time-table.html
half-yearly	maths	2023	question-paper	chennai	https://padasalai.info/wp-content/uploads/2023/12/12th-Maths-EM-Half-Yearly-Exam-2023-Chennai-District-Question-Paper-PDF-Download.pdf	https://www.padasalai.net/2026/05/12th-standard-half-yearly-question-papers-2026-2027-answer-keys-download-plus-two-class-time-table.html
half-yearly	maths	2023	question-paper	erode	https://padasalai.info/wp-content/uploads/2023/12/12th-Maths-EM-Half-Yearly-Exam-2023-Question-Paper-Erode-District-English-Medium-PDF-Download.pdf	https://www.padasalai.net/2026/05/12th-standard-half-yearly-question-papers-2026-2027-answer-keys-download-plus-two-class-time-table.html
half-yearly	maths	2023	question-paper	madurai	https://padasalai.info/wp-content/uploads/2023/12/12th-Maths-EM-Half-Yearly-Exam-2023-Question-Paper-Madurai-District-English-Medium-PDF-Download.pdf	https://www.padasalai.net/2026/05/12th-standard-half-yearly-question-papers-2026-2027-answer-keys-download-plus-two-class-time-table.html
half-yearly	maths	2023	question-paper	model	https://padasalai.info/wp-content/uploads/2023/12/12th-Maths-EM-Half-Yearly-Exam-2023-Model-Question-Paper-English-Medium-PDF-Download.pdf	https://www.padasalai.net/2026/05/12th-standard-half-yearly-question-papers-2026-2027-answer-keys-download-plus-two-class-time-table.html
half-yearly	maths	2023	question-paper	set	https://padasalai.info/wp-content/uploads/2024/01/12th-Maths-EM-Half-Yearly-Exam-2023-Question-Paper-Kanniyakumari-District-English-medium-PDF-Download.pdf	https://www.padasalai.net/2026/05/12th-standard-half-yearly-question-papers-2026-2027-answer-keys-download-plus-two-class-time-table.html
half-yearly	maths	2023	question-paper	set	https://padasalai.info/wp-content/uploads/2024/01/12th-Maths-EM-Half-Yearly-Exam-2023-Question-Paper-Thirunelveli-District-English-medium-PDF-Download.pdf	https://www.padasalai.net/2026/05/12th-standard-half-yearly-question-papers-2026-2027-answer-keys-download-plus-two-class-time-table.html
half-yearly	maths	2023	question-paper	set	https://padasalai.info/wp-content/uploads/2024/03/12th-Maths-Half-Yearly-2023-Questions-Paper-English-Medium-PDF-Download.pdf	https://www.padasalai.net/2026/05/12th-standard-half-yearly-question-papers-2026-2027-answer-keys-download-plus-two-class-time-table.html
half-yearly	maths	2023	question-paper	thenkasi	https://padasalai.info/wp-content/uploads/2024/01/12th-Maths-EM-Half-Yearly-Exam-2023-Question-Paper-Thenkasi-District-English-Medium-PDF-Download.pdf	https://www.padasalai.net/2026/05/12th-standard-half-yearly-question-papers-2026-2027-answer-keys-download-plus-two-class-time-table.html
half-yearly	maths	2023	question-paper	thenkasi	https://padasalai.info/wp-content/uploads/2024/01/12th-Maths-EM-Half-Yearly-Exam-2023-Question-Paper-Thenkasi-District-English-medium-PDF-Download.pdf	https://www.padasalai.net/2026/05/12th-standard-half-yearly-question-papers-2026-2027-answer-keys-download-plus-two-class-time-table.html
half-yearly	maths	2023	question-paper	tirupattur	https://padasalai.info/wp-content/uploads/2023/12/12th-Maths-EM-Half-Yearly-Exam-2023-Question-Paper-Tirupattur-District-English-Medium-PDF-Download-2.pdf	https://www.padasalai.net/2026/05/12th-standard-half-yearly-question-papers-2026-2027-answer-keys-download-plus-two-class-time-table.html
half-yearly	maths	2023	question-paper	tiruppur	https://padasalai.info/wp-content/uploads/2023/12/12th-Maths-EM-Half-Yearly-Exam-2023-Question-Paper-Tiruppur-District-English-Medium-PDF-Download.pdf	https://www.padasalai.net/2026/05/12th-standard-half-yearly-question-papers-2026-2027-answer-keys-download-plus-two-class-time-table.html
half-yearly	maths	2023	question-paper	villupuram	https://padasalai.info/wp-content/uploads/2024/01/12th-Maths-EM-Half-Yearly-Exam-2023-Question-Paper-Villupuram-District-English-Medium-PDF-Download.pdf	https://www.padasalai.net/2026/05/12th-standard-half-yearly-question-papers-2026-2027-answer-keys-download-plus-two-class-time-table.html
half-yearly	maths	2023	question-paper	virudhunagar	https://padasalai.info/wp-content/uploads/2024/01/12th-Maths-EM-Half-Yearly-Exam-2023-Question-Papers-Virudhunagar-District-English-Medium-PDF-Download.pdf	https://www.padasalai.net/2026/05/12th-standard-half-yearly-question-papers-2026-2027-answer-keys-download-plus-two-class-time-table.html
half-yearly	maths	2024	answer-key	chengalpattu	https://padasalai.info/wp-content/uploads/2024/12/12th-Business-Maths-Half-Yearly-Exam-2024-Original-Question-Paper-With-Answer-Key-Chengalpattu-District-English-Medium-PDF-Download.pdf	https://www.padasalai.net/2026/05/12th-standard-half-yearly-question-papers-2026-2027-answer-keys-download-plus-two-class-time-table.html
half-yearly	maths	2024	answer-key	chengalpattu	https://padasalai.info/wp-content/uploads/2024/12/12th-Maths-EM-Half-Yearly-Exam-2024-Original-Question-Paper-With-Answer-Key-Chengalpattu-District-English-Medium-PDF-Download.pdf	https://www.padasalai.net/2026/05/12th-standard-half-yearly-question-papers-2026-2027-answer-keys-download-plus-two-class-time-table.html
half-yearly	maths	2024	answer-key	coimbatore	https://padasalai.info/wp-content/uploads/2024/12/12th-Maths-EM-Half-Yearly-Exam-2024-Original-Question-Paper-With-Answer-Key-Coimbatore-District-English-Medium-PDF-Download.pdf	https://www.padasalai.net/2026/05/12th-standard-half-yearly-question-papers-2026-2027-answer-keys-download-plus-two-class-time-table.html
half-yearly	maths	2024	answer-key	salem	https://padasalai.info/wp-content/uploads/2024/12/12th-Maths-Half-Yearly-Exam-2024-Answer-Key-Salem-District-English-Medium-PDF-Download.pdf	https://www.padasalai.net/2026/05/12th-standard-half-yearly-question-papers-2026-2027-answer-keys-download-plus-two-class-time-table.html
half-yearly	maths	2024	answer-key	thanjavur	https://padasalai.info/wp-content/uploads/2024/12/12th-Maths-Half-Yearly-Exam-2024-Answer-Key-Thanjavur-District-English-Medium-PDF-Download.pdf	https://www.padasalai.net/2026/05/12th-standard-half-yearly-question-papers-2026-2027-answer-keys-download-plus-two-class-time-table.html
half-yearly	maths	2024	answer-key	tirunelveli	https://padasalai.info/wp-content/uploads/2024/12/12th-Business-Maths-Half-Yearly-Exam-2024-Original-Question-Paper-With-Answer-Key-Tirunelveli-District-English-Medium-PDF-Download.pdf	https://www.padasalai.net/2026/05/12th-standard-half-yearly-question-papers-2026-2027-answer-keys-download-plus-two-class-time-table.html
half-yearly	maths	2024	answer-key	tiruppur	https://padasalai.info/wp-content/uploads/2024/12/12th-Maths-EM-Half-Yearly-Exam-2024-Original-Question-Paper-With-Answer-Key-Tiruppur-District-English-Medium-PDF-Download.pdf	https://www.padasalai.net/2026/05/12th-standard-half-yearly-question-papers-2026-2027-answer-keys-download-plus-two-class-time-table.html
half-yearly	maths	2024	answer-key	vellore	https://padasalai.info/wp-content/uploads/2024/12/12th-Maths-Half-Yearly-Exam-2024-Answer-Key-Vellore-District-English-Medium-PDF-Download.pdf	https://www.padasalai.net/2026/05/12th-standard-half-yearly-question-papers-2026-2027-answer-keys-download-plus-two-class-time-table.html
half-yearly	maths	2024	question-paper	chengalpattu	https://padasalai.info/wp-content/uploads/2024/12/12th-Maths-Half-Yearly-Exam-2024-Original-Question-Paper-Chengalpattu-District-English-Medium-PDF-Download.pdf	https://www.padasalai.net/2026/05/12th-standard-half-yearly-question-papers-2026-2027-answer-keys-download-plus-two-class-time-table.html
half-yearly	maths	2024	question-paper	dharmapuri	https://padasalai.info/wp-content/uploads/2024/12/12th-Maths-EM-Half-Yearly-Exam-2024-Question-Paper-Dharmapuri-District-English-Medium-PDF-Download.pdf	https://www.padasalai.net/2026/05/12th-standard-half-yearly-question-papers-2026-2027-answer-keys-download-plus-two-class-time-table.html
half-yearly	maths	2024	question-paper	erode	https://padasalai.info/wp-content/uploads/2024/12/12th-Maths-EM-Half-Yearly-Exam-2024-Original-Question-Paper-Erode-District-English-Medium-PDF-Download.pdf	https://www.padasalai.net/2026/05/12th-standard-half-yearly-question-papers-2026-2027-answer-keys-download-plus-two-class-time-table.html
half-yearly	maths	2024	question-paper	kallakurichi	https://padasalai.info/wp-content/uploads/2024/12/12th-Business-Maths-Half-Yearly-Exam-2024-Original-Question-Paper-Kallakurichi-District-English-Medium-PDF-Download.pdf	https://www.padasalai.net/2026/05/12th-standard-half-yearly-question-papers-2026-2027-answer-keys-download-plus-two-class-time-table.html
half-yearly	maths	2024	question-paper	kallakurichi	https://padasalai.info/wp-content/uploads/2024/12/12th-Maths-Half-Yearly-Exam-2024-Original-Question-Paper-Kallakurichi-District-English-Medium-PDF-Download.pdf	https://www.padasalai.net/2026/05/12th-standard-half-yearly-question-papers-2026-2027-answer-keys-download-plus-two-class-time-table.html
half-yearly	maths	2024	question-paper	kanchipuram	https://padasalai.info/wp-content/uploads/2024/12/12th-Maths-EM-Half-Yearly-Exam-2024-Original-Question-Paper-Kanchipuram-District-English-Medium-PDF-Download.pdf	https://www.padasalai.net/2026/05/12th-standard-half-yearly-question-papers-2026-2027-answer-keys-download-plus-two-class-time-table.html
half-yearly	maths	2024	question-paper	krishnagiri	https://padasalai.info/wp-content/uploads/2024/12/12th-Maths-EM-Half-Yearly-Exam-2024-Original-Question-Paper-Krishnagiri-District-English-Medium-PDF-Download.pdf	https://www.padasalai.net/2026/05/12th-standard-half-yearly-question-papers-2026-2027-answer-keys-download-plus-two-class-time-table.html
half-yearly	maths	2024	question-paper	salem	https://padasalai.info/wp-content/uploads/2024/12/12th-Maths-EM-Half-Yearly-Exam-2024-Original-Question-Paper-Salem-District-English-Medium-PDF-Download.pdf	https://www.padasalai.net/2026/05/12th-standard-half-yearly-question-papers-2026-2027-answer-keys-download-plus-two-class-time-table.html
half-yearly	maths	2024	question-paper	sivaganga	https://padasalai.info/wp-content/uploads/2024/12/12th-Maths-EM-Half-Yearly-Exam-2024-Question-Paper-Sivagangai-District-English-Medium-PDF-Download.pdf	https://www.padasalai.net/2026/05/12th-standard-half-yearly-question-papers-2026-2027-answer-keys-download-plus-two-class-time-table.html
half-yearly	maths	2024	question-paper	tenkasi	https://padasalai.info/wp-content/uploads/2024/12/12th-Maths-Half-Yearly-Exam-2024-Original-Question-Paper-Tenkasi-District-English-Medium-PDF-Download.pdf	https://www.padasalai.net/2026/05/12th-standard-half-yearly-question-papers-2026-2027-answer-keys-download-plus-two-class-time-table.html
half-yearly	maths	2024	question-paper	thanjavur	https://padasalai.info/wp-content/uploads/2024/12/12th-Maths-EM-Half-Yearly-Exam-2024-Original-Question-Paper-Thanjavur-District-English-Medium-PDF-Download.pdf	https://www.padasalai.net/2026/05/12th-standard-half-yearly-question-papers-2026-2027-answer-keys-download-plus-two-class-time-table.html
half-yearly	maths	2024	question-paper	thanjavur	https://padasalai.info/wp-content/uploads/2024/12/12th-Maths-Half-Yearly-Exam-2024-Original-Question-Paper-Thanjavur-District-English-Medium-PDF-Download.pdf	https://www.padasalai.net/2026/05/12th-standard-half-yearly-question-papers-2026-2027-answer-keys-download-plus-two-class-time-table.html
half-yearly	maths	2024	question-paper	thiruvannamalai	https://drive.usercontent.google.com/download?id=1yubEX71-G5UVkRd_Nreq4N9FTa8ApAj2&export=download&confirm=t	https://www.padasalai.net/2025/07/12th-half-yearly-question-papers-2025-answer-keys-download-plus-two-class-time-table-2026.html
half-yearly	maths	2024	question-paper	thiruvannamalai	https://padasalai.info/wp-content/uploads/2025/01/12th-Maths-Half-Yearly-Exam-2024-Original-Question-Paper-Thiruvannamalai-District-English-Medium-PDF-Download.pdf	https://www.padasalai.net/2026/05/12th-standard-half-yearly-question-papers-2026-2027-answer-keys-download-plus-two-class-time-table.html
half-yearly	maths	2024	question-paper	thoothukudi	https://padasalai.info/wp-content/uploads/2024/12/12th-Maths-EM-Half-Yearly-Exam-2024-Original-Question-Paper-Thoothukudi-District-English-Medium-PDF-Download.pdf	https://www.padasalai.net/2026/05/12th-standard-half-yearly-question-papers-2026-2027-answer-keys-download-plus-two-class-time-table.html
half-yearly	maths	2024	question-paper	tirupattur	https://padasalai.info/wp-content/uploads/2024/12/12th-Maths-EM-Half-Yearly-Exam-2024-Original-Question-Paper-Tirupattur-District-English-Medium-PDF-Download.pdf	https://www.padasalai.net/2026/05/12th-standard-half-yearly-question-papers-2026-2027-answer-keys-download-plus-two-class-time-table.html
half-yearly	maths	2024	question-paper	tirupattur	https://padasalai.info/wp-content/uploads/2024/12/12th-Maths-Half-Yearly-Exam-2024-Original-Question-Paper-Tirupattur-District-English-Medium-PDF-Download.pdf	https://www.padasalai.net/2026/05/12th-standard-half-yearly-question-papers-2026-2027-answer-keys-download-plus-two-class-time-table.html
half-yearly	maths	2024	question-paper	trichy	https://padasalai.info/wp-content/uploads/2024/12/12th-Business-Maths-Half-Yearly-Exam-2024-Original-Question-Paper-Trichy-District-English-Medium-PDF-Download.pdf	https://www.padasalai.net/2026/05/12th-standard-half-yearly-question-papers-2026-2027-answer-keys-download-plus-two-class-time-table.html
half-yearly	maths	2024	question-paper	trichy	https://padasalai.info/wp-content/uploads/2024/12/12th-Maths-Half-Yearly-Exam-2024-Original-Question-Paper-Trichy-District-English-Medium-PDF-Download.pdf	https://www.padasalai.net/2026/05/12th-standard-half-yearly-question-papers-2026-2027-answer-keys-download-plus-two-class-time-table.html
half-yearly	maths	2024	question-paper	vellore	https://padasalai.info/wp-content/uploads/2024/12/12th-Maths-EM-Half-Yearly-Exam-2024-Original-Question-Paper-Vellore-District-English-Medium-PDF-Download.pdf	https://www.padasalai.net/2026/05/12th-standard-half-yearly-question-papers-2026-2027-answer-keys-download-plus-two-class-time-table.html
half-yearly	maths	2024	question-paper	virudhunagar	https://padasalai.info/wp-content/uploads/2024/12/12th-Business-Maths-EM-Half-Yearly-Exam-2024-Question-Paper-Virudhunagar-District-English-Medium-PDF-Download.pdf	https://www.padasalai.net/2026/05/12th-standard-half-yearly-question-papers-2026-2027-answer-keys-download-plus-two-class-time-table.html
half-yearly	maths	2024	question-paper	virudhunagar	https://padasalai.info/wp-content/uploads/2024/12/12th-Maths-Half-Yearly-Exam-2024-Original-Question-Paper-Virudhunagar-District-English-Medium-PDF-Download.pdf	https://www.padasalai.net/2026/05/12th-standard-half-yearly-question-papers-2026-2027-answer-keys-download-plus-two-class-time-table.html
half-yearly	maths	2025	answer-key	chengalpattu	https://drive.usercontent.google.com/download?id=17JX3kxyKEV_nlyDuVv8754-jpgyF2Q6F&export=download&confirm=t	https://www.padasalai.net/2025/07/12th-half-yearly-question-papers-2025-answer-keys-download-plus-two-class-time-table-2026.html
half-yearly	maths	2025	answer-key	chengalpattu	https://drive.usercontent.google.com/download?id=1d2swiBGD1ZGS2eWi2ops4qdybgNSxyUS&export=download&confirm=t	https://www.padasalai.net/2025/07/12th-half-yearly-question-papers-2025-answer-keys-download-plus-two-class-time-table-2026.html
half-yearly	maths	2025	answer-key	chengalpattu	https://drive.usercontent.google.com/download?id=1oDXkRrM6KKKXGHKoWVAb4ThhtMmgEUuG&export=download&confirm=t	https://www.padasalai.net/2025/07/12th-half-yearly-question-papers-2025-answer-keys-download-plus-two-class-time-table-2026.html
half-yearly	maths	2025	answer-key	chengalpattu	https://drive.usercontent.google.com/download?id=1h_byrQHkOg6JdO41qDTqb1A40rSQvJZH&export=download&confirm=t	https://www.padasalai.net/2025/07/12th-half-yearly-question-papers-2025-answer-keys-download-plus-two-class-time-table-2026.html
half-yearly	maths	2025	answer-key	chengalpattu	https://drive.usercontent.google.com/download?id=1qM4lSLEzMcBTcGCO8Hs_hC9BI1DAZR9Y&export=download&confirm=t	https://www.padasalai.net/2025/07/12th-half-yearly-question-papers-2025-answer-keys-download-plus-two-class-time-table-2026.html
half-yearly	maths	2025	answer-key	chennai	https://drive.usercontent.google.com/download?id=1wCNQ1_NR5cRqW8DixUf8YuVzEAUnSxsk&export=download&confirm=t	https://www.padasalai.net/2025/07/12th-half-yearly-question-papers-2025-answer-keys-download-plus-two-class-time-table-2026.html
half-yearly	maths	2025	answer-key	chennai	https://drive.usercontent.google.com/download?id=1K5kqGoNMqQCD3KSszhbGNS_MMVSm95ry&export=download&confirm=t	https://www.padasalai.net/2026/05/12th-standard-half-yearly-question-papers-2026-2027-answer-keys-download-plus-two-class-time-table.html
half-yearly	maths	2025	answer-key	chennai	https://drive.usercontent.google.com/download?id=1cRaC7hUXwp1QgCe6EiwYVnZzC4kdKwYn&export=download&confirm=t	https://www.padasalai.net/2026/05/12th-standard-half-yearly-question-papers-2026-2027-answer-keys-download-plus-two-class-time-table.html
half-yearly	maths	2025	answer-key	madurai	https://drive.usercontent.google.com/download?id=1BdxbZY8g3K06s3nn1fmzmKf4qdsfaD-c&export=download&confirm=t	https://www.padasalai.net/2025/07/12th-half-yearly-question-papers-2025-answer-keys-download-plus-two-class-time-table-2026.html
half-yearly	maths	2025	question-paper	chengalpattu	https://drive.usercontent.google.com/download?id=1jF0zigUdQTh8BlVeF5Z4MdL3GVGfABa-&export=download&confirm=t	https://www.padasalai.net/2025/07/12th-half-yearly-question-papers-2025-answer-keys-download-plus-two-class-time-table-2026.html
half-yearly	maths	2025	question-paper	chengalpattu	https://drive.usercontent.google.com/download?id=1mBikpMS7_lFYewSqtqk83o29bbR28qgT&export=download&confirm=t	https://www.padasalai.net/2025/07/12th-half-yearly-question-papers-2025-answer-keys-download-plus-two-class-time-table-2026.html
half-yearly	maths	2025	question-paper	chengalpattu	https://drive.usercontent.google.com/download?id=1_hkkGB-RmLrw0n4olzsaIHZXuK90_Lv9&export=download&confirm=t	https://www.padasalai.net/2025/07/12th-half-yearly-question-papers-2025-answer-keys-download-plus-two-class-time-table-2026.html
half-yearly	maths	2025	question-paper	chengalpattu	https://drive.usercontent.google.com/download?id=15CRq_9PU467CPk-DPZVme4iKuHMdXQtE&export=download&confirm=t	https://www.padasalai.net/2025/07/12th-half-yearly-question-papers-2025-answer-keys-download-plus-two-class-time-table-2026.html
half-yearly	maths	2025	question-paper	coimbatore	https://drive.usercontent.google.com/download?id=1VE0rNo43CjvMGwxQyoXdLT1qb5NAOodn&export=download&confirm=t	https://www.padasalai.net/2025/07/12th-half-yearly-question-papers-2025-answer-keys-download-plus-two-class-time-table-2026.html
half-yearly	maths	2025	question-paper	coimbatore	https://drive.usercontent.google.com/download?id=1PjMQDI6lpG77TxWwQQI4uSAnVwuxkRbk&export=download&confirm=t	https://www.padasalai.net/2025/07/12th-half-yearly-question-papers-2025-answer-keys-download-plus-two-class-time-table-2026.html
half-yearly	maths	2025	question-paper	cuddalore	https://drive.usercontent.google.com/download?id=1mbq32pVhJca40MFOJTNFTMPKejjajr0d&export=download&confirm=t	https://www.padasalai.net/2025/07/12th-half-yearly-question-papers-2025-answer-keys-download-plus-two-class-time-table-2026.html
half-yearly	maths	2025	question-paper	cuddalore	https://drive.usercontent.google.com/download?id=1C2-iUSriXFMrTJ6L63jSWppKJBFV5vWq&export=download&confirm=t	https://www.padasalai.net/2025/07/12th-half-yearly-question-papers-2025-answer-keys-download-plus-two-class-time-table-2026.html
half-yearly	maths	2025	question-paper	cuddalore	https://padasalai.info/wp-content/uploads/2025/01/12th-Maths-Half-Yearly-Exam-2025-Original-Question-Paper-Cuddalore-District-English-Medium-PDF-Download.pdf	https://www.padasalai.net/2026/05/12th-standard-half-yearly-question-papers-2026-2027-answer-keys-download-plus-two-class-time-table.html
half-yearly	maths	2025	question-paper	dharmapuri	https://drive.usercontent.google.com/download?id=1fcruWvr_fSynV2JMnabjoiAwFFCX5hVV&export=download&confirm=t	https://www.padasalai.net/2025/07/12th-half-yearly-question-papers-2025-answer-keys-download-plus-two-class-time-table-2026.html
half-yearly	maths	2025	question-paper	dharmapuri	https://drive.usercontent.google.com/download?id=1fDYft6eByog2Cq1mZzFJNc6UPL3XFKVR&export=download&confirm=t	https://www.padasalai.net/2025/07/12th-half-yearly-question-papers-2025-answer-keys-download-plus-two-class-time-table-2026.html
half-yearly	maths	2025	question-paper	dindigul	https://drive.usercontent.google.com/download?id=1yhx2ihkSef1UfOikZ5H3ZD_Egw3K_IyJ&export=download&confirm=t	https://www.padasalai.net/2025/07/12th-half-yearly-question-papers-2025-answer-keys-download-plus-two-class-time-table-2026.html
half-yearly	maths	2025	question-paper	kallakurichi	https://drive.usercontent.google.com/download?id=1eI0x1dxcBXtGxZVnyx3Pi6mpuWrTpB9x&export=download&confirm=t	https://www.padasalai.net/2025/07/12th-half-yearly-question-papers-2025-answer-keys-download-plus-two-class-time-table-2026.html
half-yearly	maths	2025	question-paper	kanchipuram	https://drive.usercontent.google.com/download?id=1uMxc72VeuctWcuil_JhnOzZTUYGW7Iwi&export=download&confirm=t	https://www.padasalai.net/2025/07/12th-half-yearly-question-papers-2025-answer-keys-download-plus-two-class-time-table-2026.html
half-yearly	maths	2025	question-paper	kanchipuram	https://drive.usercontent.google.com/download?id=1okFKAp9fGbf97ykWi-mFEHbCQyBJa1KR&export=download&confirm=t	https://www.padasalai.net/2025/07/12th-half-yearly-question-papers-2025-answer-keys-download-plus-two-class-time-table-2026.html
half-yearly	maths	2025	question-paper	kanchipuram	https://drive.usercontent.google.com/download?id=1jtx2Yr3ghDf4guuamPtqFl2OTogyOrGp&export=download&confirm=t	https://www.padasalai.net/2025/07/12th-half-yearly-question-papers-2025-answer-keys-download-plus-two-class-time-table-2026.html
half-yearly	maths	2025	question-paper	krishnagiri	https://drive.usercontent.google.com/download?id=1Va3ayGfG3FalWajhmKf8ZUkqjnnqw_fZ&export=download&confirm=t	https://www.padasalai.net/2025/07/12th-half-yearly-question-papers-2025-answer-keys-download-plus-two-class-time-table-2026.html
half-yearly	maths	2025	question-paper	krishnagiri	https://drive.usercontent.google.com/download?id=1ok3BsADaccn-3t_L4Qngnf58cis36ILF&export=download&confirm=t	https://www.padasalai.net/2025/07/12th-half-yearly-question-papers-2025-answer-keys-download-plus-two-class-time-table-2026.html
half-yearly	maths	2025	question-paper	madurai	https://drive.usercontent.google.com/download?id=16kbcqgFYy1ZdgCTo2kF0-24JZdVKmce7&export=download&confirm=t	https://www.padasalai.net/2025/07/12th-half-yearly-question-papers-2025-answer-keys-download-plus-two-class-time-table-2026.html
half-yearly	maths	2025	question-paper	namakkal	https://drive.usercontent.google.com/download?id=1OInsZJWbNxpLXfIm6HDhpT6eN7H8bJpp&export=download&confirm=t	https://www.padasalai.net/2025/07/12th-half-yearly-question-papers-2025-answer-keys-download-plus-two-class-time-table-2026.html
half-yearly	maths	2025	question-paper	namakkal	https://drive.usercontent.google.com/download?id=1tpXKrY7RW8vQaDtKS92ba8Iou6d2m7WE&export=download&confirm=t	https://www.padasalai.net/2025/07/12th-half-yearly-question-papers-2025-answer-keys-download-plus-two-class-time-table-2026.html
half-yearly	maths	2025	question-paper	salem	https://drive.usercontent.google.com/download?id=1qDDX4eGPkvux87OwKCYnArnauzJq9AIR&export=download&confirm=t	https://www.padasalai.net/2025/07/12th-half-yearly-question-papers-2025-answer-keys-download-plus-two-class-time-table-2026.html
half-yearly	maths	2025	question-paper	sivaganga	https://drive.usercontent.google.com/download?id=1zPdoEXovT0F7op98K0eR2aETXP9WgKOS&export=download&confirm=t	https://www.padasalai.net/2025/07/12th-half-yearly-question-papers-2025-answer-keys-download-plus-two-class-time-table-2026.html
half-yearly	maths	2025	question-paper	sivaganga	https://drive.usercontent.google.com/download?id=1RHRlytQQIFnwCdSDFPb2aP6qrzNaClu3&export=download&confirm=t	https://www.padasalai.net/2025/07/12th-half-yearly-question-papers-2025-answer-keys-download-plus-two-class-time-table-2026.html
half-yearly	maths	2025	question-paper	tenkasi	https://drive.usercontent.google.com/download?id=1zSFC8mlz5VyKThw6-decTCVBz75VrHZH&export=download&confirm=t	https://www.padasalai.net/2025/07/12th-half-yearly-question-papers-2025-answer-keys-download-plus-two-class-time-table-2026.html
half-yearly	maths	2025	question-paper	tenkasi	https://drive.usercontent.google.com/download?id=1xw-AetRoWk5p8gMek95zQR3Cwkv196rE&export=download&confirm=t	https://www.padasalai.net/2025/07/12th-half-yearly-question-papers-2025-answer-keys-download-plus-two-class-time-table-2026.html
half-yearly	maths	2025	question-paper	tenkasi	https://drive.usercontent.google.com/download?id=1E3cq2sS-e3h0dfRLBArMbWBhIT08V0UM&export=download&confirm=t	https://www.padasalai.net/2025/07/12th-half-yearly-question-papers-2025-answer-keys-download-plus-two-class-time-table-2026.html
half-yearly	maths	2025	question-paper	tenkasi	https://drive.usercontent.google.com/download?id=1raVW9PxRc_PFxsL1T4SK_9UXlOCiZ8y8&export=download&confirm=t	https://www.padasalai.net/2025/07/12th-half-yearly-question-papers-2025-answer-keys-download-plus-two-class-time-table-2026.html
half-yearly	maths	2025	question-paper	thanjavur	https://drive.usercontent.google.com/download?id=1dQ-biIKY9LlwNFsBCPgwdBrY7_Fw7TSG&export=download&confirm=t	https://www.padasalai.net/2025/07/12th-half-yearly-question-papers-2025-answer-keys-download-plus-two-class-time-table-2026.html
half-yearly	maths	2025	question-paper	thoothukudi	https://drive.usercontent.google.com/download?id=12a4-VaMn_MfbAty1r7FUb6nvs2DJb2tE&export=download&confirm=t	https://www.padasalai.net/2025/07/12th-half-yearly-question-papers-2025-answer-keys-download-plus-two-class-time-table-2026.html
half-yearly	maths	2025	question-paper	tirunelveli	https://drive.usercontent.google.com/download?id=1P3dTpTY-KyQsQaOUXgHekfLs239WfZNA&export=download&confirm=t	https://www.padasalai.net/2025/07/12th-half-yearly-question-papers-2025-answer-keys-download-plus-two-class-time-table-2026.html
half-yearly	maths	2025	question-paper	tirunelveli	https://drive.usercontent.google.com/download?id=15zVR7m20tfKJl1hijcmyOfT0JagWQ4rl&export=download&confirm=t	https://www.padasalai.net/2025/07/12th-half-yearly-question-papers-2025-answer-keys-download-plus-two-class-time-table-2026.html
half-yearly	maths	2025	question-paper	tirupattur	https://drive.usercontent.google.com/download?id=1P73pqtx7Ba4A3BT_5EBKUHYyz5eHszXD&export=download&confirm=t	https://www.padasalai.net/2025/07/12th-half-yearly-question-papers-2025-answer-keys-download-plus-two-class-time-table-2026.html
half-yearly	physics	2019	answer-key	set	https://drive.usercontent.google.com/download?id=1BCVR1JQhKuo5avSfXG9nURlFlwAolopm&export=download&confirm=t	https://www.padasalai.net/2023/10/Plus-Two-12th-Half-Yearly-Exam-2023-2024-Question-Papers-Answer-Keys-Time-Table-PDF-Download.html
half-yearly	physics	2019	answer-key	set	https://drive.usercontent.google.com/download?id=1IpFYxgBUMq3n1f_RjGTqQVo9SC8bjyqT&export=download&confirm=t	https://www.padasalai.net/2023/10/Plus-Two-12th-Half-Yearly-Exam-2023-2024-Question-Papers-Answer-Keys-Time-Table-PDF-Download.html
half-yearly	physics	2019	question-paper	set	https://padasalai.info/wp-content/uploads/2022/11/12th-Physics-Half-Yearly-Exam-2019-Original-Question-Paper-English-Medium-PDF-Download.pdf	https://www.padasalai.net/2026/05/12th-standard-half-yearly-question-papers-2026-2027-answer-keys-download-plus-two-class-time-table.html
half-yearly	physics	2020	question-paper	model	https://padasalai.info/wp-content/uploads/2022/11/12th-Physics-Question-Paper-for-Half-Yearly-Exam-2020-2021-Model-Question-Paper-English-Medium.pdf	https://www.padasalai.net/2026/05/12th-standard-half-yearly-question-papers-2026-2027-answer-keys-download-plus-two-class-time-table.html
half-yearly	physics	2022	question-paper	erode	https://padasalai.info/wp-content/uploads/2022/12/12th-Physics-EM-Half-Yearly-Exam-2022-Original-Question-Paper-Erode-District-English-Medium-PDF-Download.pdf	https://www.padasalai.net/2026/05/12th-standard-half-yearly-question-papers-2026-2027-answer-keys-download-plus-two-class-time-table.html
half-yearly	physics	2022	question-paper	model	https://padasalai.info/wp-content/uploads/2022/11/12th-Physics-Model-Half-Yearly-Exam-Question-Paper-2022-2023-English-Medium-PDF-Download.pdf	https://www.padasalai.net/2026/05/12th-standard-half-yearly-question-papers-2026-2027-answer-keys-download-plus-two-class-time-table.html
half-yearly	physics	2022	question-paper	salem	https://padasalai.info/wp-content/uploads/2022/12/12th-Physics-EM-Half-Yearly-Exam-2022-Original-Question-Paper-Salem-District-English-Medium-PDF-Download.pdf	https://www.padasalai.net/2026/05/12th-standard-half-yearly-question-papers-2026-2027-answer-keys-download-plus-two-class-time-table.html
half-yearly	physics	2022	question-paper	thenkasi	https://padasalai.info/wp-content/uploads/2022/12/12th-Physics-EM-Half-Yearly-Exam-2022-Original-Question-Paper-Thenkasi-District-English-Medium-PDF-Download.pdf	https://www.padasalai.net/2026/05/12th-standard-half-yearly-question-papers-2026-2027-answer-keys-download-plus-two-class-time-table.html
half-yearly	physics	2022	question-paper	thiruvannamalai	https://padasalai.info/wp-content/uploads/2022/12/12th-Physics-EM-Half-Yearly-Exam-2022-Original-Question-Paper-Thiruvannamalai-District-English-Medium-PDF-Download.pdf	https://www.padasalai.net/2026/05/12th-standard-half-yearly-question-papers-2026-2027-answer-keys-download-plus-two-class-time-table.html
half-yearly	physics	2022	question-paper	thoothukudi	https://padasalai.info/wp-content/uploads/2022/12/12th-Physics-Pre-Half-Yearly-Exam-Original-Question-Paper-2022-2023-Thoothukudi-District-English-Medium-PDF-Download.pdf	https://www.padasalai.net/2026/05/12th-standard-half-yearly-question-papers-2026-2027-answer-keys-download-plus-two-class-time-table.html
half-yearly	physics	2022	question-paper	tirupattur	https://padasalai.info/wp-content/uploads/2022/12/12th-Physics-EM-Half-Yearly-Exam-2022-Original-Question-Paper-Tirupattur-District-English-Medium-PDF-Download.pdf	https://www.padasalai.net/2026/05/12th-standard-half-yearly-question-papers-2026-2027-answer-keys-download-plus-two-class-time-table.html
half-yearly	physics	2022	question-paper	toothukudi	https://padasalai.info/wp-content/uploads/2022/12/12th-Physics-EM-Half-Yearly-Exam-2022-Original-Question-Paper-Toothukudi-District-English-Medium-PDF-Download.pdf	https://www.padasalai.net/2026/05/12th-standard-half-yearly-question-papers-2026-2027-answer-keys-download-plus-two-class-time-table.html
half-yearly	physics	2022	question-paper	virudhunagar	https://padasalai.info/wp-content/uploads/2022/12/12th-Physics-EM-Half-Yearly-Exam-2022-Original-Question-Paper-Virudhunagar-District-English-Medium-PDF-Download.pdf	https://www.padasalai.net/2026/05/12th-standard-half-yearly-question-papers-2026-2027-answer-keys-download-plus-two-class-time-table.html
half-yearly	physics	2023	answer-key	madurai	https://padasalai.info/wp-content/uploads/2023/12/12th-Physics-EM-Half-Yearly-Exam-2023-Question-Paper-with-Answer-Keys-Madurai-District-English-Medium-PDF-Download.pdf	https://www.padasalai.net/2026/05/12th-standard-half-yearly-question-papers-2026-2027-answer-keys-download-plus-two-class-time-table.html
half-yearly	physics	2023	answer-key	thiruvannamalai	https://padasalai.info/wp-content/uploads/2023/12/12th-Physics-EM-Answer-Keys-to-Half-Yearly-Exam-2023-Thiruvannamalai-District-English-Medium-PDF-download.pdf	https://www.padasalai.net/2026/05/12th-standard-half-yearly-question-papers-2026-2027-answer-keys-download-plus-two-class-time-table.html
half-yearly	physics	2023	question-paper	chennai	https://padasalai.info/wp-content/uploads/2023/12/12th-Physics-EM-Half-Yearly-Exam-2023-Question-Paper-Chennai-District-English-Medium-PDF-Download.pdf	https://www.padasalai.net/2026/05/12th-standard-half-yearly-question-papers-2026-2027-answer-keys-download-plus-two-class-time-table.html
half-yearly	physics	2023	question-paper	cuddalore	https://padasalai.info/wp-content/uploads/2023/12/12th-Physics-EM-Half-Yearly-Exam-2023-Question-Paper-Cuddalore-District-English-Medium-PDF-Download.pdf	https://www.padasalai.net/2026/05/12th-standard-half-yearly-question-papers-2026-2027-answer-keys-download-plus-two-class-time-table.html
half-yearly	physics	2023	question-paper	madurai	https://padasalai.info/wp-content/uploads/2023/12/12th-Physics-EM-Half-Yearly-Exam-2023-Question-Paper-Madurai-District-English-Medium-PDF-Download.pdf	https://www.padasalai.net/2026/05/12th-standard-half-yearly-question-papers-2026-2027-answer-keys-download-plus-two-class-time-table.html
half-yearly	physics	2023	question-paper	namakkal	https://padasalai.info/wp-content/uploads/2023/12/12th-Physics-EM-Half-Yearly-Exam-2023-Question-Paper-Namakkal-District-English-Medium-PDF-Download.pdf	https://www.padasalai.net/2026/05/12th-standard-half-yearly-question-papers-2026-2027-answer-keys-download-plus-two-class-time-table.html
half-yearly	physics	2023	question-paper	set	https://padasalai.info/wp-content/uploads/2023/12/12th-Physics-EM-Half-Yearly-Exam-2023-Question-Paper-Covai-District-English-Medium-PDF-Download.pdf	https://www.padasalai.net/2026/05/12th-standard-half-yearly-question-papers-2026-2027-answer-keys-download-plus-two-class-time-table.html
half-yearly	physics	2023	question-paper	set	https://padasalai.info/wp-content/uploads/2024/01/12th-Physics-EM-Half-Yearly-Exam-2023-Question-Paper-Kanniyakumari-District-English-medium-PDF-Download.pdf	https://www.padasalai.net/2026/05/12th-standard-half-yearly-question-papers-2026-2027-answer-keys-download-plus-two-class-time-table.html
half-yearly	physics	2023	question-paper	set	https://padasalai.info/wp-content/uploads/2024/01/12th-Physics-EM-Half-Yearly-Exam-2023-Question-Paper-Thirunelveli-District-English-medium-PDF-Download.pdf	https://www.padasalai.net/2026/05/12th-standard-half-yearly-question-papers-2026-2027-answer-keys-download-plus-two-class-time-table.html
half-yearly	physics	2023	question-paper	thenkasi	https://padasalai.info/wp-content/uploads/2024/01/12th-Physics-EM-Half-Yearly-Exam-2023-Question-Paper-Thenkasi-District-English-Medium-PDF-Download.pdf	https://www.padasalai.net/2026/05/12th-standard-half-yearly-question-papers-2026-2027-answer-keys-download-plus-two-class-time-table.html
half-yearly	physics	2023	question-paper	thenkasi	https://padasalai.info/wp-content/uploads/2024/01/12th-Physics-EM-Half-Yearly-Exam-2023-Question-Paper-Thenkasi-District-English-medium-PDF-Download.pdf	https://www.padasalai.net/2026/05/12th-standard-half-yearly-question-papers-2026-2027-answer-keys-download-plus-two-class-time-table.html
half-yearly	physics	2023	question-paper	thiruvallur	https://padasalai.info/wp-content/uploads/2024/01/12th-Physics-EM-Half-Yearly-Exam-2023-Question-Paper-Thiruvallur-District-English-Medium-PDF-Download.pdf	https://www.padasalai.net/2026/05/12th-standard-half-yearly-question-papers-2026-2027-answer-keys-download-plus-two-class-time-table.html
half-yearly	physics	2023	question-paper	tirupattur	https://padasalai.info/wp-content/uploads/2023/12/12th-Physics-EM-Half-Yearly-Exam-2023-Question-Paper-Tirupattur-District-English-Medium-PDF-Download.pdf	https://www.padasalai.net/2026/05/12th-standard-half-yearly-question-papers-2026-2027-answer-keys-download-plus-two-class-time-table.html
half-yearly	physics	2023	question-paper	tiruppur	https://padasalai.info/wp-content/uploads/2023/12/12th-Physics-EM-Half-Yearly-Exam-2023-Question-Paper-Tiruppur-District-English-Medium-PDF-Download.pdf	https://www.padasalai.net/2026/05/12th-standard-half-yearly-question-papers-2026-2027-answer-keys-download-plus-two-class-time-table.html
half-yearly	physics	2023	question-paper	trichy	https://padasalai.info/wp-content/uploads/2023/12/12th-Physics-EM-Half-Yearly-Exam-2023-Question-Paper-Trichy-District-English-Medium-PDF-Download.pdf	https://www.padasalai.net/2026/05/12th-standard-half-yearly-question-papers-2026-2027-answer-keys-download-plus-two-class-time-table.html
half-yearly	physics	2023	question-paper	villupuram	https://padasalai.info/wp-content/uploads/2023/12/12th-Physics-EM-Half-Yearly-Exam-2023-Question-Paper-Villupuram-District-English-Medium-PDF-Download.pdf	https://www.padasalai.net/2026/05/12th-standard-half-yearly-question-papers-2026-2027-answer-keys-download-plus-two-class-time-table.html
half-yearly	physics	2023	question-paper	virudhunagar	https://padasalai.info/wp-content/uploads/2023/12/12th-Physics-EM-Half-Yearly-Exam-2023-Question-Paper-Virudhunagar-District-English-Medium-PDF-Download.pdf	https://www.padasalai.net/2026/05/12th-standard-half-yearly-question-papers-2026-2027-answer-keys-download-plus-two-class-time-table.html
half-yearly	physics	2024	answer-key	chengalpattu	https://padasalai.info/wp-content/uploads/2024/12/12th-Physics-Half-Yearly-Exam-2024-Answer-Key-Chengalpattu-District-English-Medium-PDF-Download.pdf	https://www.padasalai.net/2026/05/12th-standard-half-yearly-question-papers-2026-2027-answer-keys-download-plus-two-class-time-table.html
half-yearly	physics	2024	answer-key	kallakurichi	https://padasalai.info/wp-content/uploads/2024/12/12th-Physics-Half-Yearly-Exam-2024-Original-Question-Paper-With-Answer-Key-Kallakurichi-District-English-Medium-PDF-Download.pdf	https://www.padasalai.net/2026/05/12th-standard-half-yearly-question-papers-2026-2027-answer-keys-download-plus-two-class-time-table.html
half-yearly	physics	2024	answer-key	madurai	https://padasalai.info/wp-content/uploads/2024/12/12th-Physics-Half-Yearly-Exam-2024-Original-Question-Paper-With-Answer-Key-Madurai-District-English-Medium-PDF-Download.pdf	https://www.padasalai.net/2026/05/12th-standard-half-yearly-question-papers-2026-2027-answer-keys-download-plus-two-class-time-table.html
half-yearly	physics	2024	answer-key	ranipet	https://padasalai.info/wp-content/uploads/2024/12/12th-Physics-Half-Yearly-Exam-2024-Answer-Key-Ranipet-District-English-Medium-PDF-Download.pdf	https://www.padasalai.net/2026/05/12th-standard-half-yearly-question-papers-2026-2027-answer-keys-download-plus-two-class-time-table.html
half-yearly	physics	2024	answer-key	set	https://padasalai.info/wp-content/uploads/2024/12/12th-Physics-EM-Half-Yearly-Exam-2024-Question-Paper-with-Answer-Keys-Thirunelveli-District-English-Medium-PDF-Download.pdf	https://www.padasalai.net/2026/05/12th-standard-half-yearly-question-papers-2026-2027-answer-keys-download-plus-two-class-time-table.html
half-yearly	physics	2024	answer-key	thoothukudi	https://padasalai.info/wp-content/uploads/2024/12/12th-Physics-Half-Yearly-Exam-2024-Answer-Key-Thoothukudi-District-English-Medium-PDF-Download.pdf	https://www.padasalai.net/2026/05/12th-standard-half-yearly-question-papers-2026-2027-answer-keys-download-plus-two-class-time-table.html
half-yearly	physics	2024	question-paper	dharmapuri	https://padasalai.info/wp-content/uploads/2024/12/12th-Physics-Half-Yearly-Exam-2024-Original-Question-Paper-Dharmapuri-District-English-Medium-PDF-Download.pdf	https://www.padasalai.net/2026/05/12th-standard-half-yearly-question-papers-2026-2027-answer-keys-download-plus-two-class-time-table.html
half-yearly	physics	2024	question-paper	erode	https://padasalai.info/wp-content/uploads/2024/12/12th-Physics-Half-Yearly-Exam-2024-Original-Question-Paper-Erode-District-English-Medium-PDF-Download.pdf	https://www.padasalai.net/2026/05/12th-standard-half-yearly-question-papers-2026-2027-answer-keys-download-plus-two-class-time-table.html
half-yearly	physics	2024	question-paper	salem	https://padasalai.info/wp-content/uploads/2024/12/12th-Physics-Half-Yearly-Exam-2024-Original-Question-Paper-Salem-District-English-Medium-PDF-Download.pdf	https://www.padasalai.net/2026/05/12th-standard-half-yearly-question-papers-2026-2027-answer-keys-download-plus-two-class-time-table.html
half-yearly	physics	2024	question-paper	set	https://padasalai.info/wp-content/uploads/2024/12/12th-Physics-EM-Half-Yearly-Exam-2024-Question-Paper-Tanjavur-District-English-Medium-PDF-Download.pdf	https://www.padasalai.net/2026/05/12th-standard-half-yearly-question-papers-2026-2027-answer-keys-download-plus-two-class-time-table.html
half-yearly	physics	2024	question-paper	set	https://padasalai.info/wp-content/uploads/2024/12/12th-Physics-Half-Yearly-Exam-2024-Original-Question-Paper-Chengalpet-District-English-Medium-PDF-Download.pdf	https://www.padasalai.net/2026/05/12th-standard-half-yearly-question-papers-2026-2027-answer-keys-download-plus-two-class-time-table.html
half-yearly	physics	2024	question-paper	tenkasi	https://padasalai.info/wp-content/uploads/2024/12/12th-Physics-Half-Yearly-Exam-2024-Original-Question-Paper-Tenkasi-District-English-Medium-PDF-Download.pdf	https://www.padasalai.net/2026/05/12th-standard-half-yearly-question-papers-2026-2027-answer-keys-download-plus-two-class-time-table.html
half-yearly	physics	2024	question-paper	thoothukudi	https://padasalai.info/wp-content/uploads/2024/12/12th-Physics-Half-Yearly-Exam-2024-Original-Question-Paper-Thoothukudi-District-English-Medium-PDF-Download-1.pdf	https://www.padasalai.net/2026/05/12th-standard-half-yearly-question-papers-2026-2027-answer-keys-download-plus-two-class-time-table.html
half-yearly	physics	2024	question-paper	thoothukudi	https://padasalai.info/wp-content/uploads/2024/12/12th-Physics-Half-Yearly-Exam-2024-Original-Question-Paper-Thoothukudi-District-English-Medium-PDF-Download.pdf	https://www.padasalai.net/2026/05/12th-standard-half-yearly-question-papers-2026-2027-answer-keys-download-plus-two-class-time-table.html
half-yearly	physics	2024	question-paper	tirupattur	https://padasalai.info/wp-content/uploads/2024/12/12th-Physics-Half-Yearly-Exam-2024-Original-Question-Paper-Tirupattur-District-English-Medium-PDF-Download.pdf	https://www.padasalai.net/2026/05/12th-standard-half-yearly-question-papers-2026-2027-answer-keys-download-plus-two-class-time-table.html
half-yearly	physics	2024	question-paper	trichy	https://padasalai.info/wp-content/uploads/2024/12/12th-Physics-Half-Yearly-Exam-2024-Original-Question-Paper-Trichy-District-English-Medium-PDF-Download.pdf	https://www.padasalai.net/2026/05/12th-standard-half-yearly-question-papers-2026-2027-answer-keys-download-plus-two-class-time-table.html
half-yearly	physics	2024	question-paper	vellore	https://padasalai.info/wp-content/uploads/2025/01/12th-Physics-Half-Yearly-Exam-2024-Original-Question-Paper-Vellore-District-English-Medium-PDF-Download.pdf	https://www.padasalai.net/2026/05/12th-standard-half-yearly-question-papers-2026-2027-answer-keys-download-plus-two-class-time-table.html
half-yearly	physics	2024	question-paper	virudhunagar	https://padasalai.info/wp-content/uploads/2024/12/12th-Physics-Half-Yearly-Exam-2024-Original-Question-Paper-Virudhunagar-District-English-Medium-PDF-Download.pdf	https://www.padasalai.net/2026/05/12th-standard-half-yearly-question-papers-2026-2027-answer-keys-download-plus-two-class-time-table.html
half-yearly	physics	2025	answer-key	cuddalore	https://drive.usercontent.google.com/download?id=1CQY0xg865gu9YFWAMrgbqIqG-Xuau9VL&export=download&confirm=t	https://www.padasalai.net/2025/07/12th-half-yearly-question-papers-2025-answer-keys-download-plus-two-class-time-table-2026.html
half-yearly	physics	2025	answer-key	cuddalore	https://drive.usercontent.google.com/download?id=1P25CSB1WDK6LfqlovqlyJwC9juZxY362&export=download&confirm=t	https://www.padasalai.net/2026/05/12th-standard-half-yearly-question-papers-2026-2027-answer-keys-download-plus-two-class-time-table.html
half-yearly	physics	2025	answer-key	cuddalore	https://drive.usercontent.google.com/download?id=1DRAFUJTNOeUVwRs8wROKQv08U9eaWy5-&export=download&confirm=t	https://www.padasalai.net/2026/05/12th-standard-half-yearly-question-papers-2026-2027-answer-keys-download-plus-two-class-time-table.html
half-yearly	physics	2025	answer-key	erode	https://drive.usercontent.google.com/download?id=1sMvRmtfuUPEm9WzdntJcYCuiuujIUkZC&export=download&confirm=t	https://www.padasalai.net/2025/07/12th-half-yearly-question-papers-2025-answer-keys-download-plus-two-class-time-table-2026.html
half-yearly	physics	2025	answer-key	kallakurichi	https://drive.usercontent.google.com/download?id=1VK1f8V1dOSdc7RMra7zvykYZ0USOHhNe&export=download&confirm=t	https://www.padasalai.net/2025/07/12th-half-yearly-question-papers-2025-answer-keys-download-plus-two-class-time-table-2026.html
half-yearly	physics	2025	answer-key	kallakurichi	https://drive.usercontent.google.com/download?id=1SGyKzToHbN4ERQpapNqHBg22r0krvp1o&export=download&confirm=t	https://www.padasalai.net/2025/07/12th-half-yearly-question-papers-2025-answer-keys-download-plus-two-class-time-table-2026.html
half-yearly	physics	2025	answer-key	madurai	https://drive.usercontent.google.com/download?id=1zV9SXh9cQlyaX-tDXsnrhZsJGAgAA5Yf&export=download&confirm=t	https://www.padasalai.net/2025/07/12th-half-yearly-question-papers-2025-answer-keys-download-plus-two-class-time-table-2026.html
half-yearly	physics	2025	answer-key	sivaganga	https://drive.usercontent.google.com/download?id=1n1X0eFKZ25xKahykr12pjyyn6rAqJHA8&export=download&confirm=t	https://www.padasalai.net/2025/07/12th-half-yearly-question-papers-2025-answer-keys-download-plus-two-class-time-table-2026.html
half-yearly	physics	2025	answer-key	thiruvannamalai	https://padasalai.info/wp-content/uploads/2025/01/12th-Physics-EM-Half-Yearly-Exam-2025-Question-Paper-with-Answer-Key-Thiruvannamalai-District-English-Medium-PDF-Download.pdf	https://www.padasalai.net/2026/05/12th-standard-half-yearly-question-papers-2026-2027-answer-keys-download-plus-two-class-time-table.html
half-yearly	physics	2025	question-paper	chengalpattu	https://drive.usercontent.google.com/download?id=1UX69ytru0MB1gQZdhlHjLB6IksVsMJIe&export=download&confirm=t	https://www.padasalai.net/2025/07/12th-half-yearly-question-papers-2025-answer-keys-download-plus-two-class-time-table-2026.html
half-yearly	physics	2025	question-paper	chengalpattu	https://drive.usercontent.google.com/download?id=1U3QS3I8MyWtUsIEDcp0s499fECsaVF8x&export=download&confirm=t	https://www.padasalai.net/2025/07/12th-half-yearly-question-papers-2025-answer-keys-download-plus-two-class-time-table-2026.html
half-yearly	physics	2025	question-paper	chengalpattu	https://drive.usercontent.google.com/download?id=1DEwuwvmCJBXiRkSi0QDEIWaDYprjrEfx&export=download&confirm=t	https://www.padasalai.net/2025/07/12th-half-yearly-question-papers-2025-answer-keys-download-plus-two-class-time-table-2026.html
half-yearly	physics	2025	question-paper	cuddalore	https://drive.usercontent.google.com/download?id=1m8__Ofd0UW7MmZyZirtR-mMlVFhOI1ZI&export=download&confirm=t	https://www.padasalai.net/2025/07/12th-half-yearly-question-papers-2025-answer-keys-download-plus-two-class-time-table-2026.html
half-yearly	physics	2025	question-paper	cuddalore	https://drive.usercontent.google.com/download?id=1t8os2wTfi44JmUu7xpCv6uw8cD9nNYlR&export=download&confirm=t	https://www.padasalai.net/2025/07/12th-half-yearly-question-papers-2025-answer-keys-download-plus-two-class-time-table-2026.html
half-yearly	physics	2025	question-paper	cuddalore	https://padasalai.info/wp-content/uploads/2025/01/12th-Physics-Half-Yearly-Exam-2025-Original-Question-Paper-Cuddalore-District-English-Medium-PDF-Download.pdf	https://www.padasalai.net/2026/05/12th-standard-half-yearly-question-papers-2026-2027-answer-keys-download-plus-two-class-time-table.html
half-yearly	physics	2025	question-paper	erode	https://drive.usercontent.google.com/download?id=13V9v_MbMtS0BdvL0RBr8hLP9SOmOJVGz&export=download&confirm=t	https://www.padasalai.net/2025/07/12th-half-yearly-question-papers-2025-answer-keys-download-plus-two-class-time-table-2026.html
half-yearly	physics	2025	question-paper	erode	https://drive.usercontent.google.com/download?id=1qeBOhlZJz480lK-EQ08vjODnN9i43C--&export=download&confirm=t	https://www.padasalai.net/2025/07/12th-half-yearly-question-papers-2025-answer-keys-download-plus-two-class-time-table-2026.html
half-yearly	physics	2025	question-paper	kanchipuram	https://drive.usercontent.google.com/download?id=1Va-f3py_nsRMqYy3RoPcegRSN4qrBBSO&export=download&confirm=t	https://www.padasalai.net/2025/07/12th-half-yearly-question-papers-2025-answer-keys-download-plus-two-class-time-table-2026.html
half-yearly	physics	2025	question-paper	madurai	https://drive.usercontent.google.com/download?id=113VJZUlYhK9Cx-n7K9ubCzPdLsJvFRUv&export=download&confirm=t	https://www.padasalai.net/2025/07/12th-half-yearly-question-papers-2025-answer-keys-download-plus-two-class-time-table-2026.html
half-yearly	physics	2025	question-paper	madurai	https://drive.usercontent.google.com/download?id=1TKffCchxafBOzou9QYtAYSVVE7mLxe7j&export=download&confirm=t	https://www.padasalai.net/2025/07/12th-half-yearly-question-papers-2025-answer-keys-download-plus-two-class-time-table-2026.html
half-yearly	physics	2025	question-paper	namakkal	https://drive.usercontent.google.com/download?id=1zj7Xdf0EF17UN12sRwx0-KsXRET0FVrG&export=download&confirm=t	https://www.padasalai.net/2025/07/12th-half-yearly-question-papers-2025-answer-keys-download-plus-two-class-time-table-2026.html
half-yearly	physics	2025	question-paper	namakkal	https://drive.usercontent.google.com/download?id=1aOxLJmdaXf5RnZQY_FEuqg1C8p8dCWPT&export=download&confirm=t	https://www.padasalai.net/2025/07/12th-half-yearly-question-papers-2025-answer-keys-download-plus-two-class-time-table-2026.html
half-yearly	physics	2025	question-paper	namakkal	https://drive.usercontent.google.com/download?id=1I5ff_gyqC7KnTDW1pkFJ9Z_brtmjlpl7&export=download&confirm=t	https://www.padasalai.net/2025/07/12th-half-yearly-question-papers-2025-answer-keys-download-plus-two-class-time-table-2026.html
half-yearly	zoology	2019	question-paper	set	https://padasalai.info/wp-content/uploads/2022/11/12th-Zoology-Half-Yearly-Exam-2019-Original-Question-Paper-English-Medium-PDF-Download.pdf	https://www.padasalai.net/2026/05/12th-standard-half-yearly-question-papers-2026-2027-answer-keys-download-plus-two-class-time-table.html
half-yearly	zoology	2022	answer-key	chennai	https://padasalai.info/wp-content/uploads/2022/12/12th-Bio-Zoology-EM-Half-Yearly-Exam-2022-Answer-Keys-Chennai-District-English-Medium-PDF-Download.pdf	https://www.padasalai.net/2026/05/12th-standard-half-yearly-question-papers-2026-2027-answer-keys-download-plus-two-class-time-table.html
half-yearly	zoology	2022	answer-key	chennai	https://padasalai.info/wp-content/uploads/2022/12/12th-Zoology-EM-Half-Yearly-Exam-2022-Answer-Keys-Chennai-District-English-Medium-PDF-Download.pdf	https://www.padasalai.net/2026/05/12th-standard-half-yearly-question-papers-2026-2027-answer-keys-download-plus-two-class-time-table.html
half-yearly	zoology	2022	answer-key	chennai	https://padasalai.info/wp-content/uploads/2023/01/12th-Bio-Zoology-EM-Half-Yearly-Exam-2022-Answer-Key-Chennai-District-Englsih-Medium-PDF-Download.pdf	https://www.padasalai.net/2026/05/12th-standard-half-yearly-question-papers-2026-2027-answer-keys-download-plus-two-class-time-table.html
half-yearly	zoology	2022	answer-key	chennai	https://padasalai.info/wp-content/uploads/2023/01/12th-Zoology-EM-Half-Yearly-Exam-2022-Answer-Key-Chennai-District-Englsih-Medium-PDF-Download.pdf	https://www.padasalai.net/2026/05/12th-standard-half-yearly-question-papers-2026-2027-answer-keys-download-plus-two-class-time-table.html
half-yearly	zoology	2022	answer-key	set	https://padasalai.info/wp-content/uploads/2022/12/12th-Bio-Zoology-Half-Yearly-Exam-2022-Answer-Key-English-Medium-PDF-Download.pdf	https://www.padasalai.net/2026/05/12th-standard-half-yearly-question-papers-2026-2027-answer-keys-download-plus-two-class-time-table.html
half-yearly	zoology	2022	question-paper	chengalpattu	https://padasalai.info/wp-content/uploads/2022/12/12th-Zoology-EM-Half-Yearly-Exam-2022-Original-Question-Paper-Chengalpattu-District-English-Medium-PDF-Download.pdf	https://www.padasalai.net/2026/05/12th-standard-half-yearly-question-papers-2026-2027-answer-keys-download-plus-two-class-time-table.html
half-yearly	zoology	2022	question-paper	model	https://padasalai.info/wp-content/uploads/2022/12/12th-Zoology-Half-Yearly-Exam-Model-Question-Paper-1-2022-2023-English-Medium-PDF-Download..pdf	https://www.padasalai.net/2026/05/12th-standard-half-yearly-question-papers-2026-2027-answer-keys-download-plus-two-class-time-table.html
half-yearly	zoology	2022	question-paper	model	https://padasalai.info/wp-content/uploads/2022/12/12th-Zoology-Half-Yearly-Exam-Model-Question-Paper-2022-2023-English-Medium-PDF-Download.pdf	https://www.padasalai.net/2026/05/12th-standard-half-yearly-question-papers-2026-2027-answer-keys-download-plus-two-class-time-table.html
half-yearly	zoology	2022	question-paper	model	https://padasalai.info/wp-content/uploads/2023/03/12th-Bio-Zoology-EM-Half-Yearly-Exam-2022-Model-Question-paper-English-Medium-PDF-Download.pdf	https://www.padasalai.net/2026/05/12th-standard-half-yearly-question-papers-2026-2027-answer-keys-download-plus-two-class-time-table.html
half-yearly	zoology	2022	question-paper	ranipet	https://padasalai.info/wp-content/uploads/2022/12/12th-Zoology-EM-Half-Yearly-Exam-2022-Original-Question-Paper-Ranipet-District-English-Medium-PDF-Download.pdf	https://www.padasalai.net/2026/05/12th-standard-half-yearly-question-papers-2026-2027-answer-keys-download-plus-two-class-time-table.html
half-yearly	zoology	2023	answer-key	vellore	https://padasalai.info/wp-content/uploads/2023/12/12th-Bio-Zoology-EM-Half-Yearly-Exam-2023-Question-Paper-with-Answer-Keys-Vellore-District-English-Medium-PDF-Download.pdf	https://www.padasalai.net/2026/05/12th-standard-half-yearly-question-papers-2026-2027-answer-keys-download-plus-two-class-time-table.html
half-yearly	zoology	2023	question-paper	pudhukottai	https://padasalai.info/wp-content/uploads/2023/12/12th-Zoology-EM-Half-Yearly-Exam-2023-Question-Paper-Pudhukottai-District-English-Medium-PDF-Download.pdf	https://www.padasalai.net/2026/05/12th-standard-half-yearly-question-papers-2026-2027-answer-keys-download-plus-two-class-time-table.html
half-yearly	zoology	2023	question-paper	ranipet	https://padasalai.info/wp-content/uploads/2023/12/12th-Zoology-EM-Half-Yearly-Exam-2023-Question-Paper-Ranipet-District-English-Medium-PDF-Download.pdf	https://www.padasalai.net/2026/05/12th-standard-half-yearly-question-papers-2026-2027-answer-keys-download-plus-two-class-time-table.html
half-yearly	zoology	2023	question-paper	tirupattur	https://padasalai.info/wp-content/uploads/2023/12/12th-Zoology-EM-Half-Yearly-Exam-2023-Question-Paper-Tirupattur-District-English-Medium-PDF-Download.pdf	https://www.padasalai.net/2026/05/12th-standard-half-yearly-question-papers-2026-2027-answer-keys-download-plus-two-class-time-table.html
half-yearly	zoology	2024	answer-key	ranipet	https://padasalai.info/wp-content/uploads/2024/12/12th-Bio-Zoology-EM-Half-Yearly-Exam-2024-Answer-Keys-Ranipet-District-English-Medium-PDF-Download.pdf	https://www.padasalai.net/2026/05/12th-standard-half-yearly-question-papers-2026-2027-answer-keys-download-plus-two-class-time-table.html
half-yearly	zoology	2024	answer-key	ranipet	https://padasalai.info/wp-content/uploads/2024/12/12th-Bio-Zoology-Half-Yearly-Exam-2024-Question-Paper-With-Answer-Key-Ranipet-District-English-Medium-PDF-Download.pdf	https://www.padasalai.net/2026/05/12th-standard-half-yearly-question-papers-2026-2027-answer-keys-download-plus-two-class-time-table.html
half-yearly	zoology	2024	answer-key	vellore	https://padasalai.info/wp-content/uploads/2024/12/12th-Bio-Zoology-EM-Half-Yearly-Exam-2024-Question-Paper-with-Answer-Keys-Vellore-District-English-Medium-PDF-Download.pdf	https://www.padasalai.net/2026/05/12th-standard-half-yearly-question-papers-2026-2027-answer-keys-download-plus-two-class-time-table.html
half-yearly	zoology	2024	question-paper	tirunelveli	https://padasalai.info/wp-content/uploads/2024/12/12th-Zoology-EM-Half-Yearly-Exam-2024-Original-Question-Paper-Tirunelveli-District-English-Medium-PDF-Download.pdf	https://www.padasalai.net/2026/05/12th-standard-half-yearly-question-papers-2026-2027-answer-keys-download-plus-two-class-time-table.html
half-yearly	zoology	2025	answer-key	krishnagiri	https://drive.usercontent.google.com/download?id=1DDM_K9Tnyp4WbfmLZi0Fg1tXzlMI6fwk&export=download&confirm=t	https://www.padasalai.net/2026/05/12th-standard-half-yearly-question-papers-2026-2027-answer-keys-download-plus-two-class-time-table.html
half-yearly	zoology	2025	answer-key	krishnagiri	https://drive.usercontent.google.com/download?id=1dF7PNoa3Z0LImu26OKdlujjmq3Hid-Xj&export=download&confirm=t	https://www.padasalai.net/2026/05/12th-standard-half-yearly-question-papers-2026-2027-answer-keys-download-plus-two-class-time-table.html
half-yearly	zoology	2025	answer-key	pudhukottai	https://drive.usercontent.google.com/download?id=1ER_QTyX_LNuzG1ZyapVewCzctqsWjV1q&export=download&confirm=t	https://www.padasalai.net/2025/07/12th-half-yearly-question-papers-2025-answer-keys-download-plus-two-class-time-table-2026.html
half-yearly	zoology	2025	answer-key	sivaganga	https://drive.usercontent.google.com/download?id=1XATGLyZHwPdYY7Ng0rRk7xsNtgYQsFI3&export=download&confirm=t	https://www.padasalai.net/2025/07/12th-half-yearly-question-papers-2025-answer-keys-download-plus-two-class-time-table-2026.html
half-yearly	zoology	2025	answer-key	sivaganga	https://drive.usercontent.google.com/download?id=1GcvPEa-jOg62BG1x6V9IO2dUgaOfebCy&export=download&confirm=t	https://www.padasalai.net/2025/07/12th-half-yearly-question-papers-2025-answer-keys-download-plus-two-class-time-table-2026.html
half-yearly	zoology	2025	answer-key	sivaganga	https://drive.usercontent.google.com/download?id=1WGZropo1NPkB-2XwnueR3i-1Et-kNTzU&export=download&confirm=t	https://www.padasalai.net/2025/07/12th-half-yearly-question-papers-2025-answer-keys-download-plus-two-class-time-table-2026.html
half-yearly	zoology	2025	answer-key	thoothukudi	https://drive.usercontent.google.com/download?id=19TeXZ2z4gxdZ3a9XGV-AEP8tOBV9CVle&export=download&confirm=t	https://www.padasalai.net/2025/07/12th-half-yearly-question-papers-2025-answer-keys-download-plus-two-class-time-table-2026.html
half-yearly	zoology	2025	question-paper	chennai	https://drive.usercontent.google.com/download?id=1nmOESDqjtCLxvaI8rmpnzZZTsy8BdAfj&export=download&confirm=t	https://www.padasalai.net/2025/07/12th-half-yearly-question-papers-2025-answer-keys-download-plus-two-class-time-table-2026.html
half-yearly	zoology	2025	question-paper	cuddalore	https://drive.usercontent.google.com/download?id=1P7iXXXXyyDvAhPysGKV5Zfr_rbpHl_dP&export=download&confirm=t	https://www.padasalai.net/2025/07/12th-half-yearly-question-papers-2025-answer-keys-download-plus-two-class-time-table-2026.html
half-yearly	zoology	2025	question-paper	kanchipuram	https://drive.usercontent.google.com/download?id=1EbW4oCelzfUTttookBTy8WsPOZ4X6OC8&export=download&confirm=t	https://www.padasalai.net/2025/07/12th-half-yearly-question-papers-2025-answer-keys-download-plus-two-class-time-table-2026.html
half-yearly	zoology	2025	question-paper	kanchipuram	https://drive.usercontent.google.com/download?id=1SljRhxhzu00PBAb6sNQswKGvuwQXT9XF&export=download&confirm=t	https://www.padasalai.net/2025/07/12th-half-yearly-question-papers-2025-answer-keys-download-plus-two-class-time-table-2026.html
half-yearly	zoology	2025	question-paper	kanchipuram	https://drive.usercontent.google.com/download?id=1BlFzRZS9lEgChXYn0qTYCDCHw85YzbXg&export=download&confirm=t	https://www.padasalai.net/2025/07/12th-half-yearly-question-papers-2025-answer-keys-download-plus-two-class-time-table-2026.html
quarterly	biology	2019	answer-key	set	https://drive.usercontent.google.com/download?id=1WSf0fKSJwPbO3d1Gdg250DKG-S667l30&export=download&confirm=t	https://www.padasalai.net/2022/08/plus-two-12th-quarterly-exam-question-paper-answer-keys-pdf-download-2022-2023.html
quarterly	biology	2019	question-paper	set	https://padasalai.info/wp-content/uploads/2023/10/12th-Biology-EM-Quarterly-Exam-2019-Original-Question-Paper-English-Medium-PDF-Download.pdf	https://www.padasalai.net/2024/07/12th-Biology-Quarterly-Exam-Question-Papers-2024-Answer-Keys-English-Medium-Download.html
quarterly	biology	2022	question-paper	model	https://padasalai.info/wp-content/uploads/2022/10/12th-Biology-EM-Model-Question-Paper-to-Quarterly-Exam-2022-Brothers-Union-English-Medium-PDF-Download.pdf	https://www.padasalai.net/2024/07/12th-Biology-Quarterly-Exam-Question-Papers-2024-Answer-Keys-English-Medium-Download.html
quarterly	biology	2022	question-paper	salem	https://padasalai.info/wp-content/uploads/2022/09/12th-Biology-EM-Original-Question-Paper-Quarterly-Exam-2022-Salem-District-English-Medium-PDF-Download.pdf	https://www.padasalai.net/2024/07/12th-Biology-Quarterly-Exam-Question-Papers-2024-Answer-Keys-English-Medium-Download.html
quarterly	biology	2022	question-paper	set	https://padasalai.info/wp-content/uploads/2022/09/12th-Biology-EM-Original-Question-Paper-to-Quarterly-Exam-2022-English-Medium-PDF-Download.pdf	https://www.padasalai.net/2024/07/12th-Biology-Quarterly-Exam-Question-Papers-2024-Answer-Keys-English-Medium-Download.html
quarterly	biology	2022	question-paper	vellore	https://padasalai.info/wp-content/uploads/2022/10/12th-Biology-EM-Original-Question-Paper-Quarterly-Exam-2022-Vellore-District-English-Medium-PDF-Download.pdf	https://www.padasalai.net/2024/07/12th-Biology-Quarterly-Exam-Question-Papers-2024-Answer-Keys-English-Medium-Download.html
quarterly	biology	2023	answer-key	set	https://padasalai.info/wp-content/uploads/2023/10/12th-Micro-Biology-EM-TM-Answer-Keys-to-Quarterly-Exam-2023-PDF-Download.pdf	https://www.padasalai.net/2024/07/12th-quarterly-exam-question-papers-2024-answer-keys-time-table-download-plus-two.html
quarterly	biology	2023	answer-key	thiruvannamalai	https://padasalai.info/wp-content/uploads/2023/09/12th-Biology-EM-Quarterly-Exam-2023-Original-Question-Paper-with-Answer-Keys-Thiruvannamalai-District-English-Medium-PDF-Download.pdf	https://www.padasalai.net/2024/07/12th-Biology-Quarterly-Exam-Question-Papers-2024-Answer-Keys-English-Medium-Download.html
quarterly	biology	2023	question-paper	cuddalore	https://padasalai.info/wp-content/uploads/2023/09/12th-Biology-EM-Quarterly-Exam-2023-Original-Question-Paper-Cuddalore-District-English-Medium-PDF-Download.pdf	https://www.padasalai.net/2024/07/12th-Biology-Quarterly-Exam-Question-Papers-2024-Answer-Keys-English-Medium-Download.html
quarterly	biology	2023	question-paper	dharmapuri	https://padasalai.info/wp-content/uploads/2023/09/12th-Biology-EM-Quarterly-Exam-2023-Original-Question-Paper-Dharmapuri-District-English-Medium-PDF-Download.pdf	https://www.padasalai.net/2024/07/12th-Biology-Quarterly-Exam-Question-Papers-2024-Answer-Keys-English-Medium-Download.html
quarterly	biology	2023	question-paper	erode	https://padasalai.info/wp-content/uploads/2023/09/12th-Biology-EM-Quarterly-Exam-2023-Original-Question-Paper-Erode-District-English-Medium-PDF-Download.pdf	https://www.padasalai.net/2024/07/12th-Biology-Quarterly-Exam-Question-Papers-2024-Answer-Keys-English-Medium-Download.html
quarterly	biology	2023	question-paper	model	https://padasalai.info/wp-content/uploads/2023/09/12th-Biology-EM-Quarterly-Exam-2023-Model-Question-Paper-English-Medium-PDF-Download.pdf	https://www.padasalai.net/2024/07/12th-Biology-Quarterly-Exam-Question-Papers-2024-Answer-Keys-English-Medium-Download.html
quarterly	biology	2023	question-paper	sivaganga	https://padasalai.info/wp-content/uploads/2023/09/12th-Biology-EM-Quarterly-Exam-2023-Original-Question-Paper-Sivaganga-District-English-Medium-PDF-Download.pdf	https://www.padasalai.net/2024/07/12th-Biology-Quarterly-Exam-Question-Papers-2024-Answer-Keys-English-Medium-Download.html
quarterly	biology	2023	question-paper	thenkasi	https://padasalai.info/wp-content/uploads/2023/09/12th-Biology-EM-Quarterly-Exam-2023-Original-Question-Paper-Thenkasi-District-English-Medium-PDF-Download.pdf	https://www.padasalai.net/2024/07/12th-Biology-Quarterly-Exam-Question-Papers-2024-Answer-Keys-English-Medium-Download.html
quarterly	biology	2023	question-paper	tirupattur	https://padasalai.info/wp-content/uploads/2023/09/12th-Biology-EM-Quarterly-Exam-2023-Original-Question-Paper-Tirupattur-District-English-Medium-PDF-Download.pdf	https://www.padasalai.net/2024/07/12th-Biology-Quarterly-Exam-Question-Papers-2024-Answer-Keys-English-Medium-Download.html
quarterly	biology	2024	answer-key	set	https://padasalai.info/wp-content/uploads/2024/09/12th-Biology-EM-Quarterly-Exam-2024-Question-Paper-with-Answer-Keys-English-Medium-PDF-Download.pdf	https://www.padasalai.net/2024/07/12th-quarterly-exam-question-papers-2024-answer-keys-time-table-download-plus-two.html
quarterly	biology	2024	answer-key	tirupattur	https://padasalai.info/wp-content/uploads/2024/09/12th-Biology-Quarterly-Exam-2024-Answer-Key-Tirupattur-District-English-Medium-PDF-Download.pdf	https://www.padasalai.net/2024/07/12th-Biology-Quarterly-Exam-Question-Papers-2024-Answer-Keys-English-Medium-Download.html
quarterly	biology	2024	answer-key	virudhunagar	https://padasalai.info/wp-content/uploads/2024/09/12th-Biology-Quarterly-Exam-2024-Answer-Key-Virudhunagar-District-English-Medium-PDF-Download.pdf	https://www.padasalai.net/2024/07/12th-Biology-Quarterly-Exam-Question-Papers-2024-Answer-Keys-English-Medium-Download.html
quarterly	biology	2024	question-paper	cuddalore	https://padasalai.info/wp-content/uploads/2024/09/12th-Biology-Quarterly-Exam-2024-Original-Question-Paper-Cuddalore-District-English-Medium-PDF-Download.pdf	https://www.padasalai.net/2024/07/12th-quarterly-exam-question-papers-2024-answer-keys-time-table-download-plus-two.html
quarterly	biology	2024	question-paper	dharmapuri	https://padasalai.info/wp-content/uploads/2024/09/12th-Biology-Quarterly-Exam-2024-Original-Question-Paper-Dharmapuri-District-English-Medium-PDF-Download.pdf	https://www.padasalai.net/2024/07/12th-Biology-Quarterly-Exam-Question-Papers-2024-Answer-Keys-English-Medium-Download.html
quarterly	biology	2024	question-paper	dindigul	https://padasalai.info/wp-content/uploads/2024/09/12th-Biology-Quarterly-Exam-2024-Original-Question-Paper-Dindigul-District-English-Medium-PDF-Download.pdf	https://www.padasalai.net/2024/07/12th-quarterly-exam-question-papers-2024-answer-keys-time-table-download-plus-two.html
quarterly	biology	2024	question-paper	kanchipuram	https://padasalai.info/wp-content/uploads/2024/10/12th-Biology-Quarterly-Exam-2024-Original-Question-Paper-Kanchipuram-District-English-Medium-PDF-Download.pdf	https://www.padasalai.net/2024/07/12th-Biology-Quarterly-Exam-Question-Papers-2024-Answer-Keys-English-Medium-Download.html
quarterly	biology	2024	question-paper	kanyakumari	https://padasalai.info/wp-content/uploads/2024/09/12th-Biology-Quarterly-Exam-2024-Original-Question-Paper-Kanyakumari-District-English-Medium-PDF-Download.pdf	https://www.padasalai.net/2024/07/12th-Biology-Quarterly-Exam-Question-Papers-2024-Answer-Keys-English-Medium-Download.html
quarterly	biology	2024	question-paper	ranipet	https://padasalai.info/wp-content/uploads/2024/09/12th-Biology-Quarterly-Exam-2024-Question-Paper-Ranipet-District-English-Medium-PDF-Download.pdf	https://www.padasalai.net/2024/07/12th-quarterly-exam-question-papers-2024-answer-keys-time-table-download-plus-two.html
quarterly	biology	2024	question-paper	thiruvannamalai	https://padasalai.info/wp-content/uploads/2024/09/12th-Biology-Quarterly-Exam-2024-Original-Question-Paper-Thiruvannamalai-District-English-Medium-PDF-Download.pdf	https://www.padasalai.net/2024/07/12th-quarterly-exam-question-papers-2024-answer-keys-time-table-download-plus-two.html
quarterly	biology	2024	question-paper	tirupattur	https://padasalai.info/wp-content/uploads/2024/09/12th-Biology-Quarterly-Exam-2024-Original-Question-Paper-Tirupattur-District-English-Medium-PDF-Download.pdf	https://www.padasalai.net/2024/07/12th-Biology-Quarterly-Exam-Question-Papers-2024-Answer-Keys-English-Medium-Download.html
quarterly	biology	2024	question-paper	tirupattur	https://padasalai.info/wp-content/uploads/2024/09/12th-Biology-Quarterly-Exam-2024-Model-Question-Paper-2-Tirupattur-District-English-Medium-PDF-Download.pdf	https://www.padasalai.net/2024/07/12th-quarterly-exam-question-papers-2024-answer-keys-time-table-download-plus-two.html
quarterly	biology	2024	question-paper	tirupattur	https://padasalai.info/wp-content/uploads/2024/09/12th-Biology-Quarterly-Exam-2024-Model-Question-Paper-Tirupattur-District-English-Medium-PDF-Download.pdf	https://www.padasalai.net/2024/07/12th-quarterly-exam-question-papers-2024-answer-keys-time-table-download-plus-two.html
quarterly	biology	2024	question-paper	tiruvallur	https://padasalai.info/wp-content/uploads/2024/09/12th-Biology-Quarterly-Exam-2024-Original-Question-Paper-Tiruvallur-District-English-Medium-PDF-Download.pdf	https://www.padasalai.net/2024/07/12th-quarterly-exam-question-papers-2024-answer-keys-time-table-download-plus-two.html
quarterly	biology	2024	question-paper	virudhunagar	https://padasalai.info/wp-content/uploads/2024/09/12th-Biology-Quarterly-Exam-2024-Original-Question-Paper-Virudhunagar-District-English-Medium-PDF-Download-1.pdf	https://www.padasalai.net/2024/07/12th-Biology-Quarterly-Exam-Question-Papers-2024-Answer-Keys-English-Medium-Download.html
quarterly	biology	2024	question-paper	virudhunagar	https://padasalai.info/wp-content/uploads/2024/09/12th-Biology-Quarterly-Exam-2024-Original-Question-Paper-Virudhunagar-District-English-Medium-PDF-Download.pdf	https://www.padasalai.net/2024/07/12th-quarterly-exam-question-papers-2024-answer-keys-time-table-download-plus-two.html
quarterly	biology	2025	answer-key	cuddalore	https://drive.usercontent.google.com/download?id=1WE6yhZvMWkT58_pFDFEZFxlcY8JqYla-&export=download&confirm=t	https://www.padasalai.net/2025/06/12th-quarterly-exam-question-papers-2025-answer-keys-time-table-download-plus-two.html
quarterly	biology	2025	answer-key	ranipet	https://drive.usercontent.google.com/download?id=10cujuXfTSdbiqR-47any6R5EtCInvZOi&export=download&confirm=t	https://www.padasalai.net/2025/06/12th-quarterly-exam-question-papers-2025-answer-keys-time-table-download-plus-two.html
quarterly	biology	2025	answer-key	ranipet	https://drive.usercontent.google.com/download?id=1sBJM0rHX_3PUQhJepo5wzAd20S66fN1n&export=download&confirm=t	https://www.padasalai.net/2025/06/12th-quarterly-exam-question-papers-2025-answer-keys-time-table-download-plus-two.html
quarterly	biology	2025	answer-key	ranipet	https://drive.usercontent.google.com/download?id=1W-wtT25ducm-GpPu4ohrWvLHNSzQLTb9&export=download&confirm=t	https://www.padasalai.net/2025/06/12th-quarterly-exam-question-papers-2025-answer-keys-time-table-download-plus-two.html
quarterly	biology	2025	answer-key	ranipet	https://drive.usercontent.google.com/download?id=1mOOGAATchU7GzpaT-gkgzXawnYc1CJAO&export=download&confirm=t	https://www.padasalai.net/2025/06/12th-quarterly-exam-question-papers-2025-answer-keys-time-table-download-plus-two.html
quarterly	biology	2025	answer-key	sivaganga	https://drive.usercontent.google.com/download?id=1l6GED9k_bHYHT6nA5KIoscbn0n517cew&export=download&confirm=t	https://www.padasalai.net/2025/06/12th-quarterly-exam-question-papers-2025-answer-keys-time-table-download-plus-two.html
quarterly	biology	2025	answer-key	sivaganga	https://drive.usercontent.google.com/download?id=1NBu4JdIoMYGJ2xqBpzznTKDcT0dzNcYt&export=download&confirm=t	https://www.padasalai.net/2025/06/12th-quarterly-exam-question-papers-2025-answer-keys-time-table-download-plus-two.html
quarterly	biology	2025	question-paper	chennai	https://drive.usercontent.google.com/download?id=1tcWEQhdClKqrqUAfBagWL9H8RZnHA7dd&export=download&confirm=t	https://www.padasalai.net/2025/06/12th-quarterly-exam-question-papers-2025-answer-keys-time-table-download-plus-two.html
quarterly	biology	2025	question-paper	chennai	https://drive.usercontent.google.com/download?id=1e88J2AU5cYmKu-EjF9Grgg5Kq6cjAPxw&export=download&confirm=t	https://www.padasalai.net/2025/06/12th-quarterly-exam-question-papers-2025-answer-keys-time-table-download-plus-two.html
quarterly	biology	2025	question-paper	chennai	https://drive.usercontent.google.com/download?id=1uhVyALPsg9UCHT-i0SluRE2y_b67Y4Fr&export=download&confirm=t	https://www.padasalai.net/2025/06/12th-quarterly-exam-question-papers-2025-answer-keys-time-table-download-plus-two.html
quarterly	biology	2025	question-paper	cuddalore	https://drive.usercontent.google.com/download?id=1wu-GFgioASsaesTru5RZ_PeLUO9tSwdB&export=download&confirm=t	https://www.padasalai.net/2025/06/12th-quarterly-exam-question-papers-2025-answer-keys-time-table-download-plus-two.html
quarterly	biology	2025	question-paper	cuddalore	https://drive.usercontent.google.com/download?id=1T5Q4D12zjs8-QKVb_UWA0qt-LCVkpCsE&export=download&confirm=t	https://www.padasalai.net/2025/06/12th-quarterly-exam-question-papers-2025-answer-keys-time-table-download-plus-two.html
quarterly	biology	2025	question-paper	dharmapuri	https://drive.usercontent.google.com/download?id=1IGRvYwfsR-SII_f_Rqee_V0sncJh43kG&export=download&confirm=t	https://www.padasalai.net/2025/06/12th-quarterly-exam-question-papers-2025-answer-keys-time-table-download-plus-two.html
quarterly	biology	2025	question-paper	dharmapuri	https://drive.usercontent.google.com/download?id=1gygzEsMViIxcDkiUJdf9H2AwpAqEvasw&export=download&confirm=t	https://www.padasalai.net/2025/06/12th-quarterly-exam-question-papers-2025-answer-keys-time-table-download-plus-two.html
quarterly	biology	2025	question-paper	dharmapuri	https://drive.usercontent.google.com/download?id=12xgKNOifsCsek8PSu5e4JHEnqerdWTHp&export=download&confirm=t	https://www.padasalai.net/2025/06/12th-quarterly-exam-question-papers-2025-answer-keys-time-table-download-plus-two.html
quarterly	biology	2025	question-paper	dharmapuri	https://drive.usercontent.google.com/download?id=1rgDJyCZrUyn53jRbv_sv9LR63KjW_SuE&export=download&confirm=t	https://www.padasalai.net/2025/06/12th-quarterly-exam-question-papers-2025-answer-keys-time-table-download-plus-two.html
quarterly	biology	2025	question-paper	erode	https://drive.usercontent.google.com/download?id=1x_lwzECeUPB60kbP64UVSI7hYhwgKrFq&export=download&confirm=t	https://www.padasalai.net/2025/06/12th-quarterly-exam-question-papers-2025-answer-keys-time-table-download-plus-two.html
quarterly	biology	2025	question-paper	erode	https://drive.usercontent.google.com/download?id=1iD0Or1UW-u2-hMycoJWzx_tp00IkDIcB&export=download&confirm=t	https://www.padasalai.net/2025/06/12th-quarterly-exam-question-papers-2025-answer-keys-time-table-download-plus-two.html
quarterly	biology	2025	question-paper	erode	https://drive.usercontent.google.com/download?id=1mbnTnIkAgr24wmpqEOlrcT47ZwTlDUIb&export=download&confirm=t	https://www.padasalai.net/2025/06/12th-quarterly-exam-question-papers-2025-answer-keys-time-table-download-plus-two.html
quarterly	biology	2025	question-paper	kanchipuram	https://drive.usercontent.google.com/download?id=1KyA3Idr50VHWZpt-g3Hx2MGRVq7Eq2Nr&export=download&confirm=t	https://www.padasalai.net/2025/06/12th-quarterly-exam-question-papers-2025-answer-keys-time-table-download-plus-two.html
quarterly	biology	2025	question-paper	kanchipuram	https://drive.usercontent.google.com/download?id=17ni5bzhNXPqg6OIw1tWC7FNxcEXo2nyl&export=download&confirm=t	https://www.padasalai.net/2025/06/12th-quarterly-exam-question-papers-2025-answer-keys-time-table-download-plus-two.html
quarterly	biology	2025	question-paper	kanchipuram	https://drive.usercontent.google.com/download?id=1DRtl_txd2y_xntZW6KouYLXy0CS887HA&export=download&confirm=t	https://www.padasalai.net/2025/06/12th-quarterly-exam-question-papers-2025-answer-keys-time-table-download-plus-two.html
quarterly	biology	2025	question-paper	krishnagiri	https://drive.usercontent.google.com/download?id=1dwLeKIkTQe1YLWOL-UIXX7L6MdyY4vXR&export=download&confirm=t	https://www.padasalai.net/2025/06/12th-quarterly-exam-question-papers-2025-answer-keys-time-table-download-plus-two.html
quarterly	biology	2025	question-paper	madurai	https://drive.usercontent.google.com/download?id=1QrC9I-zYHqMkdlQk2qi0LuCC-sHFommd&export=download&confirm=t	https://www.padasalai.net/2025/06/12th-quarterly-exam-question-papers-2025-answer-keys-time-table-download-plus-two.html
quarterly	biology	2025	question-paper	ranipet	https://drive.usercontent.google.com/download?id=1Dg4DuJ-JI8QYwH8ULE_G41IQKc1SYy1e&export=download&confirm=t	https://www.padasalai.net/2025/06/12th-quarterly-exam-question-papers-2025-answer-keys-time-table-download-plus-two.html
quarterly	biology	2025	question-paper	ranipet	https://drive.usercontent.google.com/download?id=1K6VP4WBd7wpKFrYfJGUtK7-iykEIh336&export=download&confirm=t	https://www.padasalai.net/2025/06/12th-quarterly-exam-question-papers-2025-answer-keys-time-table-download-plus-two.html
quarterly	biology	2025	question-paper	salem	https://drive.usercontent.google.com/download?id=1PkEp1AWttSHcjVD-wFvqrjtoXRDGg9zM&export=download&confirm=t	https://www.padasalai.net/2025/06/12th-quarterly-exam-question-papers-2025-answer-keys-time-table-download-plus-two.html
quarterly	biology	2025	question-paper	salem	https://drive.usercontent.google.com/download?id=11EYq9jH0c9ufZxrkaTojoIGF9AC6YzNG&export=download&confirm=t	https://www.padasalai.net/2025/06/12th-quarterly-exam-question-papers-2025-answer-keys-time-table-download-plus-two.html
quarterly	biology	2025	question-paper	salem	https://drive.usercontent.google.com/download?id=1uPSprn5PS92lZVd7ifjN3CzYmVxdsYOb&export=download&confirm=t	https://www.padasalai.net/2025/06/12th-quarterly-exam-question-papers-2025-answer-keys-time-table-download-plus-two.html
quarterly	biology	2025	question-paper	salem	https://drive.usercontent.google.com/download?id=1Byseb23tTd5A2H0X34hB3CAYU697INtk&export=download&confirm=t	https://www.padasalai.net/2025/06/12th-quarterly-exam-question-papers-2025-answer-keys-time-table-download-plus-two.html
quarterly	biology	2025	question-paper	set	https://drive.usercontent.google.com/download?id=1WyMIHyEGhZIUXi0PrbDIBqXx27X-X08s&export=download&confirm=t	https://www.padasalai.net/2025/06/12th-quarterly-exam-question-papers-2025-answer-keys-time-table-download-plus-two.html
quarterly	biology	2025	question-paper	sivaganga	https://drive.usercontent.google.com/download?id=1rJxkXyJo7gw3YBmF2NvegxOvewlcthT4&export=download&confirm=t	https://www.padasalai.net/2025/06/12th-quarterly-exam-question-papers-2025-answer-keys-time-table-download-plus-two.html
quarterly	biology	2025	question-paper	tenkasi	https://drive.usercontent.google.com/download?id=1M_vdd5g8VrMg4tzFqX_Qm8agz4kWE1CI&export=download&confirm=t	https://www.padasalai.net/2025/06/12th-quarterly-exam-question-papers-2025-answer-keys-time-table-download-plus-two.html
quarterly	biology	2025	question-paper	tenkasi	https://drive.usercontent.google.com/download?id=1uaDXx2KI30AhyIm08--UeYKJAPDUNrmb&export=download&confirm=t	https://www.padasalai.net/2025/06/12th-quarterly-exam-question-papers-2025-answer-keys-time-table-download-plus-two.html
quarterly	biology	2025	question-paper	tenkasi	https://drive.usercontent.google.com/download?id=1umcsCgthoCeRC6LWfzu4DK9eDqmfEzAk&export=download&confirm=t	https://www.padasalai.net/2025/06/12th-quarterly-exam-question-papers-2025-answer-keys-time-table-download-plus-two.html
quarterly	biology	2025	question-paper	thoothukudi	https://drive.usercontent.google.com/download?id=1tMsqdEhDkSokbhnnov3M3KsTUBcnzWqW&export=download&confirm=t	https://www.padasalai.net/2025/06/12th-quarterly-exam-question-papers-2025-answer-keys-time-table-download-plus-two.html
quarterly	biology	2026	answer-key	theni	https://drive.usercontent.google.com/download?id=1QECIWHKv5xaDI8zXY-NYzzo5fQDHJ7F_&export=download&confirm=t	https://www.padasalai.net/2025/06/12th-quarterly-exam-question-papers-2025-answer-keys-time-table-download-plus-two.html
quarterly	botany	2022	question-paper	nagapattinam	https://padasalai.info/wp-content/uploads/2022/09/12th-Botany-EM-Original-Question-Paper-to-Quarterly-Exam-2022-Nagapattinam-District-Englsih-Medium-PDF-Download-Here.pdf	https://www.padasalai.net/2024/07/12th-Botany-Quarterly-Exam-Question-Papers-2024-Answer-Keys-English-Medium-Download.html
quarterly	botany	2023	answer-key	set	https://padasalai.info/wp-content/uploads/2023/10/12th-Bio-Botany-EM-Quarterly-Exam-2023-Answer-Keys-English-Medium-PDF-Download.pdf	https://www.padasalai.net/2024/07/12th-Biology-Quarterly-Exam-Question-Papers-2024-Answer-Keys-English-Medium-Download.html
quarterly	botany	2023	answer-key	set	https://padasalai.info/wp-content/uploads/2023/10/12th-Botany-EM-TM-Answer-Keys-to-Quarterly-Exam-2023-PDF-Download.pdf	https://www.padasalai.net/2024/07/12th-Botany-Quarterly-Exam-Question-Papers-2024-Answer-Keys-English-Medium-Download.html
quarterly	botany	2024	answer-key	set	https://padasalai.info/wp-content/uploads/2024/09/12th-Botany-EM-Quarterly-Exam-2024-Question-Paper-with-Answer-Keys-English-Medium-PDF-Download.pdf	https://www.padasalai.net/2024/07/12th-Botany-Quarterly-Exam-Question-Papers-2024-Answer-Keys-English-Medium-Download.html
quarterly	botany	2024	question-paper	kanchipuram	https://padasalai.info/wp-content/uploads/2024/10/12th-Botany-Quarterly-Exam-2024-Original-Question-Paper-Kanchipuram-District-English-Medium-PDF-Download.pdf	https://www.padasalai.net/2024/07/12th-Botany-Quarterly-Exam-Question-Papers-2024-Answer-Keys-English-Medium-Download.html
quarterly	botany	2025	answer-key	kanchipuram	https://drive.usercontent.google.com/download?id=1Tcguxd6phJJ7JcRW6auAphtv56SwP4-X&export=download&confirm=t	https://www.padasalai.net/2025/06/12th-quarterly-exam-question-papers-2025-answer-keys-time-table-download-plus-two.html
quarterly	botany	2025	answer-key	ranipet	https://drive.usercontent.google.com/download?id=1s4aVCC9WyGrjTrBUR9XiYl0a7YK_DHk3&export=download&confirm=t	https://www.padasalai.net/2025/06/12th-quarterly-exam-question-papers-2025-answer-keys-time-table-download-plus-two.html
quarterly	botany	2025	question-paper	erode	https://drive.usercontent.google.com/download?id=1csYH0SAlS4CbamLcmF77R21UckQdXxm9&export=download&confirm=t	https://www.padasalai.net/2025/06/12th-quarterly-exam-question-papers-2025-answer-keys-time-table-download-plus-two.html
quarterly	botany	2025	question-paper	erode	https://drive.usercontent.google.com/download?id=1ZY67HqkzPy3TXD65znTUg2eyN_rJktcD&export=download&confirm=t	https://www.padasalai.net/2025/06/12th-quarterly-exam-question-papers-2025-answer-keys-time-table-download-plus-two.html
quarterly	botany	2025	question-paper	erode	https://drive.usercontent.google.com/download?id=1df4DeYaSGTPzMHcelKt-EgTQpejqg0gp&export=download&confirm=t	https://www.padasalai.net/2025/06/12th-quarterly-exam-question-papers-2025-answer-keys-time-table-download-plus-two.html
quarterly	botany	2025	question-paper	kanchipuram	https://drive.usercontent.google.com/download?id=1L5sprlJjUJset9Hg87Lb_3dRJsb44yaP&export=download&confirm=t	https://www.padasalai.net/2025/06/12th-quarterly-exam-question-papers-2025-answer-keys-time-table-download-plus-two.html
quarterly	botany	2025	question-paper	kanchipuram	https://drive.usercontent.google.com/download?id=1PAr_L8s-YdZJABoCQarRxyFelr9VEm12&export=download&confirm=t	https://www.padasalai.net/2025/06/12th-quarterly-exam-question-papers-2025-answer-keys-time-table-download-plus-two.html
quarterly	botany	2025	question-paper	kanchipuram	https://drive.usercontent.google.com/download?id=1v2e0vsjAgZdWUfaScA1k8OQO6r01ylfs&export=download&confirm=t	https://www.padasalai.net/2025/06/12th-quarterly-exam-question-papers-2025-answer-keys-time-table-download-plus-two.html
quarterly	botany	2025	question-paper	model	https://drive.usercontent.google.com/download?id=1eO6oe2X6LhwKhwdPMYujWJw9CD09z9h3&export=download&confirm=t	https://www.padasalai.net/2025/06/12th-quarterly-exam-question-papers-2025-answer-keys-time-table-download-plus-two.html
quarterly	botany	2025	question-paper	perambalur	https://drive.usercontent.google.com/download?id=1L3ZZpfEXJctzuADbvdpg5JwsBZkCox53&export=download&confirm=t	https://www.padasalai.net/2025/06/12th-quarterly-exam-question-papers-2025-answer-keys-time-table-download-plus-two.html
quarterly	botany	2025	question-paper	perambalur	https://drive.usercontent.google.com/download?id=1M2_noIRa8luR9hwPcej4gYkucHGV0RrV&export=download&confirm=t	https://www.padasalai.net/2025/06/12th-quarterly-exam-question-papers-2025-answer-keys-time-table-download-plus-two.html
quarterly	botany	2025	question-paper	pudhukottai	https://drive.usercontent.google.com/download?id=1vLj0eG1Op8rpOUpepwN2a_q6c3SVvfWU&export=download&confirm=t	https://www.padasalai.net/2025/06/12th-quarterly-exam-question-papers-2025-answer-keys-time-table-download-plus-two.html
quarterly	botany	2026	answer-key	kanchipuram	https://drive.usercontent.google.com/download?id=1ynbBiRXWT9eBnVHkx7M2TmyBlVn9SdAP&export=download&confirm=t	https://www.padasalai.net/2025/06/12th-quarterly-exam-question-papers-2025-answer-keys-time-table-download-plus-two.html
quarterly	chemistry	2019	answer-key	model	https://drive.usercontent.google.com/download?id=1dhYZVR8SkjnH0Al_pHulQOPW_dPXtxNp&export=download&confirm=t	https://www.padasalai.net/2022/08/plus-two-12th-quarterly-exam-question-paper-answer-keys-pdf-download-2022-2023.html
quarterly	chemistry	2019	answer-key	model	https://drive.usercontent.google.com/download?id=1sLB5dWrlkSsUgkATdzGOCYil5-GMgHZo&export=download&confirm=t	https://www.padasalai.net/2022/08/plus-two-12th-quarterly-exam-question-paper-answer-keys-pdf-download-2022-2023.html
quarterly	chemistry	2019	answer-key	set	https://drive.usercontent.google.com/download?id=1YYsqiVMyz96-yB7-MNlJbyD-APJKuJk0&export=download&confirm=t	https://www.padasalai.net/2022/08/plus-two-12th-quarterly-exam-question-paper-answer-keys-pdf-download-2022-2023.html
quarterly	chemistry	2019	question-paper	model	https://drive.usercontent.google.com/download?id=1f7tRw7j3QSJW7t8qmIKPGURoPc1a-RhJ&export=download&confirm=t	https://www.padasalai.net/2022/08/plus-two-12th-quarterly-exam-question-paper-answer-keys-pdf-download-2022-2023.html
quarterly	chemistry	2019	question-paper	model	https://drive.usercontent.google.com/download?id=1nN782LT7z0bkqdOdfRyGRKTffTUb3h-Q&export=download&confirm=t	https://www.padasalai.net/2022/08/plus-two-12th-quarterly-exam-question-paper-answer-keys-pdf-download-2022-2023.html
quarterly	chemistry	2022	question-paper	model	https://padasalai.info/wp-content/uploads/2022/09/12th-Chemistry-EM-Quarterly-Exam-2022-Model-Question-Paper-English-Medium-PDF-Download.pdf	https://www.padasalai.net/2024/07/12th-Chemistry-Quarterly-Exam-Question-Papers-2024-Answer-Keys-English-Medium-Download.html
quarterly	chemistry	2022	question-paper	model	https://padasalai.info/wp-content/uploads/2022/09/12th-Chemistry-EM-Quarterly-Exam-Model-Question-Paper-2022-2023-English-Medium-PDF-Download.pdf	https://www.padasalai.net/2024/07/12th-Chemistry-Quarterly-Exam-Question-Papers-2024-Answer-Keys-English-Medium-Download.html
quarterly	chemistry	2022	question-paper	model	https://padasalai.info/wp-content/uploads/2022/09/12th-Chemistry-EM-Quarterly-Exam-Model-Question-Paper-2022-English-Medium-PDF-Download.pdf	https://www.padasalai.net/2024/07/12th-Chemistry-Quarterly-Exam-Question-Papers-2024-Answer-Keys-English-Medium-Download.html
quarterly	chemistry	2022	question-paper	tenkasi	https://padasalai.info/wp-content/uploads/2022/09/12th-Chemistry-EM-Quarterly-Exam-2022-Original-Question-Paper-Tenkasi-District-English-Medium-PDF-Download.pdf	https://www.padasalai.net/2024/07/12th-Chemistry-Quarterly-Exam-Question-Papers-2024-Answer-Keys-English-Medium-Download.html
quarterly	chemistry	2022	question-paper	trichy	https://padasalai.info/wp-content/uploads/2022/09/12th-Chemistry-EM-Question-Paper-to-Quarterly-Exam-2022-Trichy-District-English-Medium-PDF-Download.pdf	https://www.padasalai.net/2024/07/12th-Chemistry-Quarterly-Exam-Question-Papers-2024-Answer-Keys-English-Medium-Download.html
quarterly	chemistry	2023	answer-key	dharmapuri	https://padasalai.info/wp-content/uploads/2023/10/12th-Chemistry-EM-Quarterly-Exam-2023-Answer-Keys-Dharmapuri-District-English-Medium-PDF-Download.pdf	https://www.padasalai.net/2024/07/12th-Chemistry-Quarterly-Exam-Question-Papers-2024-Answer-Keys-English-Medium-Download.html
quarterly	chemistry	2023	answer-key	erode	https://padasalai.info/wp-content/uploads/2023/09/12th-Chemistry-EM-Quarterly-Exam-2023-Original-Question-Paper-with-Answer-Keys-Erode-District-English-Medium-PDF-Download.pdf	https://www.padasalai.net/2024/07/12th-Chemistry-Quarterly-Exam-Question-Papers-2024-Answer-Keys-English-Medium-Download.html
quarterly	chemistry	2023	answer-key	pudhukottai	https://padasalai.info/wp-content/uploads/2023/10/12th-Chemistry-EM-Quarterly-Exam-2023-Original-Question-Paper-with-Answer-Keys-Pudhukottai-District-English-Medium-PDF-Download.pdf	https://www.padasalai.net/2024/07/12th-Chemistry-Quarterly-Exam-Question-Papers-2024-Answer-Keys-English-Medium-Download.html
quarterly	chemistry	2023	question-paper	chennai	https://padasalai.info/wp-content/uploads/2023/09/12th-Chemistry-EM-Quarterly-Exam-2023-Original-Question-Paper-Chennai-District-English-Medium-PDF-Download.pdf	https://www.padasalai.net/2024/07/12th-Chemistry-Quarterly-Exam-Question-Papers-2024-Answer-Keys-English-Medium-Download.html
quarterly	chemistry	2023	question-paper	cuddalore	https://padasalai.info/wp-content/uploads/2023/09/12th-Chemistry-EM-Quarterly-Exam-2023-Original-Question-Paper-Cuddalore-District-English-Medium-PDF-Download.pdf	https://www.padasalai.net/2024/07/12th-Chemistry-Quarterly-Exam-Question-Papers-2024-Answer-Keys-English-Medium-Download.html
quarterly	chemistry	2023	question-paper	dharmapuri	https://padasalai.info/wp-content/uploads/2023/09/12th-Chemistry-EM-Quarterly-Exam-2023-Original-Question-Paper-Dharmapuri-District-English-Medium-PDF-Download.pdf	https://www.padasalai.net/2024/07/12th-Chemistry-Quarterly-Exam-Question-Papers-2024-Answer-Keys-English-Medium-Download.html
quarterly	chemistry	2023	question-paper	krishnagiri	https://padasalai.info/wp-content/uploads/2024/08/12th-Chemistry-Quarterly-Exam-2023-Original-Question-Paper-Krishnagiri-District-English-Medium-PDF-Download.pdf	https://www.padasalai.net/2024/07/12th-quarterly-exam-question-papers-2024-answer-keys-time-table-download-plus-two.html
quarterly	chemistry	2023	question-paper	model	https://padasalai.info/wp-content/uploads/2023/09/12th-Chemistry-EM-Quarterly-Exam-2023-Model-Question-Paper-English-Medium-PDF-Download-1.pdf	https://www.padasalai.net/2024/07/12th-Chemistry-Quarterly-Exam-Question-Papers-2024-Answer-Keys-English-Medium-Download.html
quarterly	chemistry	2023	question-paper	model	https://padasalai.info/wp-content/uploads/2023/09/12th-Chemistry-EM-Quarterly-Exam-2023-Model-Question-Paper-English-Medium-PDF-Download.pdf	https://www.padasalai.net/2024/07/12th-Chemistry-Quarterly-Exam-Question-Papers-2024-Answer-Keys-English-Medium-Download.html
quarterly	chemistry	2023	question-paper	thenkasi	https://padasalai.info/wp-content/uploads/2023/09/12th-Chemistry-EM-Quarterly-Exam-2023-Original-Question-Paper-Thenkasi-District-English-Medium-PDF-Download.pdf	https://www.padasalai.net/2024/07/12th-Chemistry-Quarterly-Exam-Question-Papers-2024-Answer-Keys-English-Medium-Download.html
quarterly	chemistry	2023	question-paper	thiruvallur	https://padasalai.info/wp-content/uploads/2023/09/12th-Chemistry-EM-Quarterly-Exam-2023-Original-Question-Paper-Thiruvallur-District-English-Medium-PDF-Download.pdf	https://www.padasalai.net/2024/07/12th-Chemistry-Quarterly-Exam-Question-Papers-2024-Answer-Keys-English-Medium-Download.html
quarterly	chemistry	2023	question-paper	virudhunagar	https://padasalai.info/wp-content/uploads/2023/09/12th-Chemistry-EM-Quarterly-Exam-2023-Original-Question-Paper-Virudhunagar-District-English-Medium-PDF-Download.pdf	https://www.padasalai.net/2024/07/12th-Chemistry-Quarterly-Exam-Question-Papers-2024-Answer-Keys-English-Medium-Download.html
quarterly	chemistry	2024	answer-key	dindigul	https://padasalai.info/wp-content/uploads/2024/09/12th-Chemistry-EM-Quarterly-Exam-2024-Question-Paper-with-Answer-Keys-Dindigul-District-English-Medium-PDF-Download.pdf	https://www.padasalai.net/2024/07/12th-Chemistry-Quarterly-Exam-Question-Papers-2024-Answer-Keys-English-Medium-Download.html
quarterly	chemistry	2024	answer-key	dindigul	https://padasalai.info/wp-content/uploads/2024/09/12th-Chemistry-Quarterly-Exam-2024-ANswer-Key-Dindigul-District-English-Medium-PDF-Download.pdf	https://www.padasalai.net/2024/07/12th-Chemistry-Quarterly-Exam-Question-Papers-2024-Answer-Keys-English-Medium-Download.html
quarterly	chemistry	2024	answer-key	tirupattur	https://padasalai.info/wp-content/uploads/2024/09/12th-Chemistry-Quarterly-Exam-2024-Answer-Key-Tirupattur-District-English-Medium-PDF-Download.pdf	https://www.padasalai.net/2024/07/12th-Chemistry-Quarterly-Exam-Question-Papers-2024-Answer-Keys-English-Medium-Download.html
quarterly	chemistry	2024	answer-key	tiruppur	https://padasalai.info/wp-content/uploads/2024/09/12th-Chemistry-EM-Quarterly-Exam-2024-Quesiton-Paper-with-Answer-Key-Tiruppur-District-English-Medium-PDF-Download.pdf	https://www.padasalai.net/2024/07/12th-Chemistry-Quarterly-Exam-Question-Papers-2024-Answer-Keys-English-Medium-Download.html
quarterly	chemistry	2024	question-paper	cuddalore	https://padasalai.info/wp-content/uploads/2024/09/12th-Chemistry-Quarterly-Exam-2024-Original-Question-Paper-Cuddalore-District-English-Medium-PDF-Download.pdf	https://www.padasalai.net/2024/07/12th-Chemistry-Quarterly-Exam-Question-Papers-2024-Answer-Keys-English-Medium-Download.html
quarterly	chemistry	2024	question-paper	dharmapuri	https://padasalai.info/wp-content/uploads/2024/09/12th-Chemistry-Quarterly-Exam-2024-Original-Question-Paper-Dharmapuri-District-English-Medium-PDF-Download.pdf	https://www.padasalai.net/2024/07/12th-Chemistry-Quarterly-Exam-Question-Papers-2024-Answer-Keys-English-Medium-Download.html
quarterly	chemistry	2024	question-paper	dindigul	https://padasalai.info/wp-content/uploads/2024/09/12th-Chemistry-Quarterly-Exam-2024-Original-Question-Paper-Dindigul-District-English-Medium-PDF-Download.pdf	https://www.padasalai.net/2024/07/12th-Chemistry-Quarterly-Exam-Question-Papers-2024-Answer-Keys-English-Medium-Download.html
quarterly	chemistry	2024	question-paper	kallakurichi	https://padasalai.info/wp-content/uploads/2024/09/12th-Chemistry-Quarterly-Exam-2024-Original-Question-Paper-Kallakurichi-District-English-Medium-PDF-Download.pdf	https://www.padasalai.net/2024/07/12th-Chemistry-Quarterly-Exam-Question-Papers-2024-Answer-Keys-English-Medium-Download.html
quarterly	chemistry	2024	question-paper	kallakurichi	https://padasalai.info/wp-content/uploads/2025/02/12th-chemistry-EM-Quarterly-Test-2024-25-Question-Paper-Kallakurichi-District-English-Medium-PDF-Download.pdf	https://www.padasalai.net/2024/07/12th-quarterly-exam-question-papers-2024-answer-keys-time-table-download-plus-two.html
quarterly	chemistry	2024	question-paper	model	https://padasalai.info/wp-content/uploads/2024/09/12th-Chemistry-Quarterly-Exam-2024-Model-Question-Paper-1-English-Medium-PDF-Download.pdf	https://www.padasalai.net/2024/07/12th-Chemistry-Quarterly-Exam-Question-Papers-2024-Answer-Keys-English-Medium-Download.html
quarterly	chemistry	2024	question-paper	model	https://padasalai.info/wp-content/uploads/2024/09/12th-Chemistry-Quarterly-Exam-2024-Model-Question-Paper-English-Medium-PDF-Download.pdf	https://www.padasalai.net/2024/07/12th-Chemistry-Quarterly-Exam-Question-Papers-2024-Answer-Keys-English-Medium-Download.html
quarterly	chemistry	2024	question-paper	salem	https://padasalai.info/wp-content/uploads/2024/09/12th-Chemistry-EM-Quarterly-Exam-2024-Question-Paper-Salem-District-English-Medium-PDF-Download.pdf	https://www.padasalai.net/2024/07/12th-Chemistry-Quarterly-Exam-Question-Papers-2024-Answer-Keys-English-Medium-Download.html
quarterly	chemistry	2024	question-paper	set	https://padasalai.info/wp-content/uploads/2024/09/12th-Chemistry-EM-Quarterly-Exam-2024-Question-Papers-English-Medium-PDF-Download.pdf	https://www.padasalai.net/2024/07/12th-Chemistry-Quarterly-Exam-Question-Papers-2024-Answer-Keys-English-Medium-Download.html
quarterly	chemistry	2024	question-paper	thenkasi	https://padasalai.info/wp-content/uploads/2024/09/12th-Chemistry-EM-Quarterly-Exam-2024-Question-Paper-Thenkasi-District-English-Medium-PDF-Download.pdf	https://www.padasalai.net/2024/07/12th-Chemistry-Quarterly-Exam-Question-Papers-2024-Answer-Keys-English-Medium-Download.html
quarterly	chemistry	2024	question-paper	thiruvannamalai	https://padasalai.info/wp-content/uploads/2024/09/12th-Chemistry-Quarterly-Exam-2024-Original-Question-Paper-Thiruvannamalai-District-English-Medium-PDF-Download.pdf	https://www.padasalai.net/2024/07/12th-Chemistry-Quarterly-Exam-Question-Papers-2024-Answer-Keys-English-Medium-Download.html
quarterly	chemistry	2024	question-paper	tirupattur	https://padasalai.info/wp-content/uploads/2024/09/12th-Chemistry-Quarterly-Exam-2024-Original-Question-Paper-Tirupattur-District-English-Medium-PDF-Download.pdf	https://www.padasalai.net/2024/07/12th-Chemistry-Quarterly-Exam-Question-Papers-2024-Answer-Keys-English-Medium-Download.html
quarterly	chemistry	2024	question-paper	vellore	https://padasalai.info/wp-content/uploads/2024/09/12th-Chemistry-Quarterly-Exam-2024-Original-Question-Paper-Vellore-District-English-Medium-PDF-Download.pdf	https://www.padasalai.net/2024/07/12th-Chemistry-Quarterly-Exam-Question-Papers-2024-Answer-Keys-English-Medium-Download.html
quarterly	chemistry	2024	question-paper	virudhunagar	https://padasalai.info/wp-content/uploads/2024/09/12th-Chemistry-Quarterly-Exam-2024-Original-Question-Paper-Virudhunagar-Dsitrict-English-Medium-PDF-Download.pdf	https://www.padasalai.net/2024/07/12th-Chemistry-Quarterly-Exam-Question-Papers-2024-Answer-Keys-English-Medium-Download.html
quarterly	chemistry	2025	answer-key	chennai	https://drive.usercontent.google.com/download?id=1tpFj3Kn2NqNxbBFhV2vND3Q5ubTEppV0&export=download&confirm=t	https://www.padasalai.net/2025/06/12th-quarterly-exam-question-papers-2025-answer-keys-time-table-download-plus-two.html
quarterly	chemistry	2025	answer-key	chennai	https://drive.usercontent.google.com/download?id=1_LtJCGPseAa_vNhDn0SEGmOh_It88lQt&export=download&confirm=t	https://www.padasalai.net/2025/06/12th-quarterly-exam-question-papers-2025-answer-keys-time-table-download-plus-two.html
quarterly	chemistry	2025	answer-key	chennai	https://drive.usercontent.google.com/download?id=1d-jwgBxhXkxEZqmmU4mqDiy55FN4j9EF&export=download&confirm=t	https://www.padasalai.net/2025/06/12th-quarterly-exam-question-papers-2025-answer-keys-time-table-download-plus-two.html
quarterly	chemistry	2025	answer-key	chennai	https://drive.usercontent.google.com/download?id=1fQ7FLpOMFuiIVjEuew0DAj5x8XdokA_P&export=download&confirm=t	https://www.padasalai.net/2025/06/12th-quarterly-exam-question-papers-2025-answer-keys-time-table-download-plus-two.html
quarterly	chemistry	2025	answer-key	chennai	https://drive.usercontent.google.com/download?id=146i_uVqfG_SB55mjFRDCmktJMVGU_a7R&export=download&confirm=t	https://www.padasalai.net/2025/06/12th-quarterly-exam-question-papers-2025-answer-keys-time-table-download-plus-two.html
quarterly	chemistry	2025	answer-key	cuddalore	https://drive.usercontent.google.com/download?id=1dM4IC2QbXL56HkzG97Y_6hs-7f-JK9JE&export=download&confirm=t	https://www.padasalai.net/2025/06/12th-quarterly-exam-question-papers-2025-answer-keys-time-table-download-plus-two.html
quarterly	chemistry	2025	answer-key	cuddalore	https://drive.usercontent.google.com/download?id=17nU_EuRdTwhBeABnuQHbUOZQXOKGE66Q&export=download&confirm=t	https://www.padasalai.net/2025/06/12th-quarterly-exam-question-papers-2025-answer-keys-time-table-download-plus-two.html
quarterly	chemistry	2025	answer-key	dindigul	https://drive.usercontent.google.com/download?id=1K2ko9lYFUcHnHhy52SCRTQyaJhOzEHXr&export=download&confirm=t	https://www.padasalai.net/2025/06/12th-quarterly-exam-question-papers-2025-answer-keys-time-table-download-plus-two.html
quarterly	chemistry	2025	answer-key	dindigul	https://drive.usercontent.google.com/download?id=1Ja2LiEWQFVCxLoaK_ciC8XleZ6fPkfnC&export=download&confirm=t	https://www.padasalai.net/2025/06/12th-quarterly-exam-question-papers-2025-answer-keys-time-table-download-plus-two.html
quarterly	chemistry	2025	answer-key	dindigul	https://drive.usercontent.google.com/download?id=1YCxPusCEi6_SqxxQPnX-RETnK3uApc93&export=download&confirm=t	https://www.padasalai.net/2025/06/12th-quarterly-exam-question-papers-2025-answer-keys-time-table-download-plus-two.html
quarterly	chemistry	2025	answer-key	dindigul	https://drive.usercontent.google.com/download?id=1K16BMrLgOWqCHyHzsbCGjJh0LvAv3nMI&export=download&confirm=t	https://www.padasalai.net/2025/06/12th-quarterly-exam-question-papers-2025-answer-keys-time-table-download-plus-two.html
quarterly	chemistry	2025	answer-key	erode	https://drive.usercontent.google.com/download?id=1daXSEpMQ6U35fVVXaKu5Qcwvu8COZZC9&export=download&confirm=t	https://www.padasalai.net/2025/06/12th-quarterly-exam-question-papers-2025-answer-keys-time-table-download-plus-two.html
quarterly	chemistry	2025	answer-key	kallakurichi	https://drive.usercontent.google.com/download?id=19WpBTA-riEFM0V7n7kCLHxZ9s2waqWdZ&export=download&confirm=t	https://www.padasalai.net/2025/06/12th-quarterly-exam-question-papers-2025-answer-keys-time-table-download-plus-two.html
quarterly	chemistry	2025	answer-key	krishnagiri	https://drive.usercontent.google.com/download?id=1vIZxnct5SQPihqPYUBtOKuZJBdnUIcGK&export=download&confirm=t	https://www.padasalai.net/2025/06/12th-quarterly-exam-question-papers-2025-answer-keys-time-table-download-plus-two.html
quarterly	chemistry	2025	answer-key	krishnagiri	https://drive.usercontent.google.com/download?id=1hMoyBkz24UQ58nHRYEWykrrxxkDLS0Yb&export=download&confirm=t	https://www.padasalai.net/2025/06/12th-quarterly-exam-question-papers-2025-answer-keys-time-table-download-plus-two.html
quarterly	chemistry	2025	answer-key	krishnagiri	https://drive.usercontent.google.com/download?id=1JoKIRSM0vMhyvaNbjfh6mJy2M8GB99xm&export=download&confirm=t	https://www.padasalai.net/2025/06/12th-quarterly-exam-question-papers-2025-answer-keys-time-table-download-plus-two.html
quarterly	chemistry	2025	answer-key	salem	https://drive.usercontent.google.com/download?id=1joCjNEIPtl52op5UpXbNIDP9GpdbnamB&export=download&confirm=t	https://www.padasalai.net/2025/06/12th-quarterly-exam-question-papers-2025-answer-keys-time-table-download-plus-two.html
quarterly	chemistry	2025	question-paper	coimbatore	https://drive.usercontent.google.com/download?id=1Bhy6cVfBoRiTnOzu-82JhEgbMLPXVrm8&export=download&confirm=t	https://www.padasalai.net/2025/06/12th-quarterly-exam-question-papers-2025-answer-keys-time-table-download-plus-two.html
quarterly	chemistry	2025	question-paper	coimbatore	https://drive.usercontent.google.com/download?id=1dhN1WUqpdZM97qKiSSaWA70xx6eB4Waz&export=download&confirm=t	https://www.padasalai.net/2025/06/12th-quarterly-exam-question-papers-2025-answer-keys-time-table-download-plus-two.html
quarterly	chemistry	2025	question-paper	coimbatore	https://drive.usercontent.google.com/download?id=1ntANttwlFzti8H-JBsuUEB9n5k-Iyxa9&export=download&confirm=t	https://www.padasalai.net/2025/06/12th-quarterly-exam-question-papers-2025-answer-keys-time-table-download-plus-two.html
quarterly	chemistry	2025	question-paper	cuddalore	https://drive.usercontent.google.com/download?id=1rOZK4F54GwfVGPDf26C0CXHeJYZak4s9&export=download&confirm=t	https://www.padasalai.net/2025/06/12th-quarterly-exam-question-papers-2025-answer-keys-time-table-download-plus-two.html
quarterly	chemistry	2025	question-paper	cuddalore	https://drive.usercontent.google.com/download?id=1pu34gxBoshZtDyCVeVgxCWQpvxxLumhD&export=download&confirm=t	https://www.padasalai.net/2025/06/12th-quarterly-exam-question-papers-2025-answer-keys-time-table-download-plus-two.html
quarterly	chemistry	2025	question-paper	cuddalore	https://drive.usercontent.google.com/download?id=1KaWEM-JtvS7CcXWDaKpoSEyIP0exEmB_&export=download&confirm=t	https://www.padasalai.net/2025/06/12th-quarterly-exam-question-papers-2025-answer-keys-time-table-download-plus-two.html
quarterly	chemistry	2025	question-paper	cuddalore	https://drive.usercontent.google.com/download?id=1ugF6TWOmJl-X66ZrwkgDVEj5aWk-uEDB&export=download&confirm=t	https://www.padasalai.net/2025/06/12th-quarterly-exam-question-papers-2025-answer-keys-time-table-download-plus-two.html
quarterly	chemistry	2025	question-paper	dharmapuri	https://drive.usercontent.google.com/download?id=1Ps0GICZcZ7o3Cdg3SVP4ADKB_5x37QnU&export=download&confirm=t	https://www.padasalai.net/2025/06/12th-quarterly-exam-question-papers-2025-answer-keys-time-table-download-plus-two.html
quarterly	chemistry	2025	question-paper	dharmapuri	https://drive.usercontent.google.com/download?id=1-ohWBbWUdu4qeVJKk8VFyORzo3ejDG4V&export=download&confirm=t	https://www.padasalai.net/2025/06/12th-quarterly-exam-question-papers-2025-answer-keys-time-table-download-plus-two.html
quarterly	chemistry	2025	question-paper	dharmapuri	https://drive.usercontent.google.com/download?id=1pGmhtyVXXyy21EflAy1ZbVT1lyVW2qqe&export=download&confirm=t	https://www.padasalai.net/2025/06/12th-quarterly-exam-question-papers-2025-answer-keys-time-table-download-plus-two.html
quarterly	chemistry	2025	question-paper	dharmapuri	https://drive.usercontent.google.com/download?id=1HwyOX4IQJ1bzBhVTmeqj0vNyaKnreotX&export=download&confirm=t	https://www.padasalai.net/2025/06/12th-quarterly-exam-question-papers-2025-answer-keys-time-table-download-plus-two.html
quarterly	chemistry	2025	question-paper	dharmapuri	https://drive.usercontent.google.com/download?id=1MqKTDf4evXF9XlHgD4RG-I254S964iVK&export=download&confirm=t	https://www.padasalai.net/2025/06/12th-quarterly-exam-question-papers-2025-answer-keys-time-table-download-plus-two.html
quarterly	chemistry	2025	question-paper	dindigul	https://drive.usercontent.google.com/download?id=1vGd5kQ_x29D3C9IfSol1q9gKSnzKygGG&export=download&confirm=t	https://www.padasalai.net/2025/06/12th-quarterly-exam-question-papers-2025-answer-keys-time-table-download-plus-two.html
quarterly	chemistry	2025	question-paper	dindigul	https://drive.usercontent.google.com/download?id=1fuRly_21aBI7C7mreCxvpMxsHjYhGcvP&export=download&confirm=t	https://www.padasalai.net/2025/06/12th-quarterly-exam-question-papers-2025-answer-keys-time-table-download-plus-two.html
quarterly	chemistry	2025	question-paper	dindigul	https://drive.usercontent.google.com/download?id=1s2gefTAYzD7yGOoIjxRWDbP9OcJSmMiY&export=download&confirm=t	https://www.padasalai.net/2025/06/12th-quarterly-exam-question-papers-2025-answer-keys-time-table-download-plus-two.html
quarterly	chemistry	2025	question-paper	erode	https://drive.usercontent.google.com/download?id=1T5Muzl47WGOVLnVIpXGkvQdfg8JmltXc&export=download&confirm=t	https://www.padasalai.net/2025/06/12th-quarterly-exam-question-papers-2025-answer-keys-time-table-download-plus-two.html
quarterly	chemistry	2025	question-paper	erode	https://drive.usercontent.google.com/download?id=1hhO8liYPSy7Pdk5Mio-NNPK9ptDKwCNO&export=download&confirm=t	https://www.padasalai.net/2025/06/12th-quarterly-exam-question-papers-2025-answer-keys-time-table-download-plus-two.html
quarterly	chemistry	2025	question-paper	erode	https://drive.usercontent.google.com/download?id=1A3bTDIdUMwuAc7oyWf3ddzdGQXmfQmFW&export=download&confirm=t	https://www.padasalai.net/2025/06/12th-quarterly-exam-question-papers-2025-answer-keys-time-table-download-plus-two.html
quarterly	chemistry	2025	question-paper	erode	https://drive.usercontent.google.com/download?id=1iZXCR2iVRPvIlN5kGYOhM8ZBG51bVBpI&export=download&confirm=t	https://www.padasalai.net/2025/06/12th-quarterly-exam-question-papers-2025-answer-keys-time-table-download-plus-two.html
quarterly	chemistry	2025	question-paper	kanchipuram	https://drive.usercontent.google.com/download?id=1iHRF3_TmhxeaJx0OjyS-2TIgm7ML7uv_&export=download&confirm=t	https://www.padasalai.net/2025/06/12th-quarterly-exam-question-papers-2025-answer-keys-time-table-download-plus-two.html
quarterly	chemistry	2025	question-paper	madurai	https://drive.usercontent.google.com/download?id=1z-Cr-gx50KqLnAOGtWK1tEPfIQzWSb7u&export=download&confirm=t	https://www.padasalai.net/2025/06/12th-quarterly-exam-question-papers-2025-answer-keys-time-table-download-plus-two.html
quarterly	chemistry	2025	question-paper	perambalur	https://drive.usercontent.google.com/download?id=1dCKawWV8baW_4Ec_lmbqQWUjTQchH1wW&export=download&confirm=t	https://www.padasalai.net/2025/06/12th-quarterly-exam-question-papers-2025-answer-keys-time-table-download-plus-two.html
quarterly	chemistry	2025	question-paper	salem	https://drive.usercontent.google.com/download?id=186H2V32qY_1UDeVt6ND44b-GZMkCiPkS&export=download&confirm=t	https://www.padasalai.net/2025/06/12th-quarterly-exam-question-papers-2025-answer-keys-time-table-download-plus-two.html
quarterly	chemistry	2025	question-paper	salem	https://drive.usercontent.google.com/download?id=10zOqq1RusNcV0NORzkqLZn4hRdyqD-n5&export=download&confirm=t	https://www.padasalai.net/2025/06/12th-quarterly-exam-question-papers-2025-answer-keys-time-table-download-plus-two.html
quarterly	chemistry	2025	question-paper	set	https://drive.usercontent.google.com/download?id=1VK3Kkf3JQ2dzlABJu7XewnHh9A3nbvVK&export=download&confirm=t	https://www.padasalai.net/2025/06/12th-quarterly-exam-question-papers-2025-answer-keys-time-table-download-plus-two.html
quarterly	chemistry	2025	question-paper	tenkasi	https://drive.usercontent.google.com/download?id=1HVp1wonO0yCO8s-er9wq3y4WdA3TjtJh&export=download&confirm=t	https://www.padasalai.net/2025/06/12th-quarterly-exam-question-papers-2025-answer-keys-time-table-download-plus-two.html
quarterly	chemistry	2025	question-paper	thoothukudi	https://drive.usercontent.google.com/download?id=1IMZBLrid0EFQe1nlRjvOwx_5oqnIsPhp&export=download&confirm=t	https://www.padasalai.net/2025/06/12th-quarterly-exam-question-papers-2025-answer-keys-time-table-download-plus-two.html
quarterly	chemistry	2025	question-paper	tiruppur	https://drive.usercontent.google.com/download?id=1_AJDsycBPHSMqdEUjR2AXA7j0F6fuA1N&export=download&confirm=t	https://www.padasalai.net/2025/06/12th-quarterly-exam-question-papers-2025-answer-keys-time-table-download-plus-two.html
quarterly	chemistry	2025	question-paper	virudhunagar	https://drive.usercontent.google.com/download?id=1y1U2f3jj3BixSHTBsfwj-VPeepW8YAGu&export=download&confirm=t	https://www.padasalai.net/2025/06/12th-quarterly-exam-question-papers-2025-answer-keys-time-table-download-plus-two.html
quarterly	chemistry	2026	answer-key	tiruppur	https://drive.usercontent.google.com/download?id=1T5ubobXLxyXFbSUNjHxyOlz6dfiGuIvR&export=download&confirm=t	https://www.padasalai.net/2025/06/12th-quarterly-exam-question-papers-2025-answer-keys-time-table-download-plus-two.html
quarterly	chemistry	na	question-paper	model	https://padasalai.info/wp-content/uploads/2025/04/12th-chemistry-quarterly-exam-model-question-paper-english-medium.pdf	https://www.padasalai.net/2024/07/12th-quarterly-exam-question-papers-2024-answer-keys-time-table-download-plus-two.html
quarterly	maths	2019	answer-key	model	https://drive.usercontent.google.com/download?id=1DwSjIvtRf3sPjtthQv6rSJqsfiROROnx&export=download&confirm=t	https://www.padasalai.net/2022/08/plus-two-12th-quarterly-exam-question-paper-answer-keys-pdf-download-2022-2023.html
quarterly	maths	2019	answer-key	set	https://drive.usercontent.google.com/download?id=1jbbCJi4qeq19Oa2nucWBxsVFGZjYsHxA&export=download&confirm=t	https://www.padasalai.net/2022/08/plus-two-12th-quarterly-exam-question-paper-answer-keys-pdf-download-2022-2023.html
quarterly	maths	2019	question-paper	model	https://drive.usercontent.google.com/download?id=1AZxo7bukAaX2ep12y40V8yaAOaXCYzdY&export=download&confirm=t	https://www.padasalai.net/2022/08/plus-two-12th-quarterly-exam-question-paper-answer-keys-pdf-download-2022-2023.html
quarterly	maths	2019	question-paper	set	https://padasalai.info/wp-content/uploads/2025/04/12th-maths-question-paper-for-quarterly-exam-2019-question-paper-english-medium.pdf	https://www.padasalai.net/2024/07/12th-quarterly-exam-question-papers-2024-answer-keys-time-table-download-plus-two.html
quarterly	maths	2022	answer-key	nagapattinam	https://padasalai.info/wp-content/uploads/2022/09/12th-Maths-EMl-Answer-Key-to-Quarterly-Exam-2022-Original-Question-Paper-Nagapattinam-District-English-Medium-PDF-Download.pdf	https://www.padasalai.net/2024/07/12th-Maths-Quarterly-Exam-Question-Papers-2024-Answer-Keys-English-Medium-Download.html
quarterly	maths	2022	question-paper	krishnagiri	https://padasalai.info/wp-content/uploads/2022/09/12th-Maths-Quarterly-Exam-2022-Original-Question-Paper-Krishnagiri-District-English-Medium-PDF-Download.pdf	https://www.padasalai.net/2024/07/12th-Maths-Quarterly-Exam-Question-Papers-2024-Answer-Keys-English-Medium-Download.html
quarterly	maths	2022	question-paper	model	https://drive.usercontent.google.com/download?id=1u8Bf8vx2XzSuMf0IUDbABqq1Ipz_953I&export=download&confirm=t	https://www.padasalai.net/2022/08/plus-two-12th-quarterly-exam-question-paper-answer-keys-pdf-download-2022-2023.html
quarterly	maths	2022	question-paper	model	https://drive.usercontent.google.com/download?id=1_09DUfnrjj-K0JU-LkeR7aEp-tK9aOES&export=download&confirm=t	https://www.padasalai.net/2022/08/plus-two-12th-quarterly-exam-question-paper-answer-keys-pdf-download-2022-2023.html
quarterly	maths	2022	question-paper	model	https://padasalai.info/wp-content/uploads/2022/09/12th-Maths-EM-Quarterly-Exam-2022-Model-Question-Paper-English-Medium-PDF-Download-1.pdf	https://www.padasalai.net/2024/07/12th-Maths-Quarterly-Exam-Question-Papers-2024-Answer-Keys-English-Medium-Download.html
quarterly	maths	2022	question-paper	model	https://padasalai.info/wp-content/uploads/2022/09/12th-Maths-EM-Quarterly-Exam-2022-Model-Question-Paper-English-Medium-PDF-Download.pdf	https://www.padasalai.net/2024/07/12th-Maths-Quarterly-Exam-Question-Papers-2024-Answer-Keys-English-Medium-Download.html
quarterly	maths	2022	question-paper	model	https://padasalai.info/wp-content/uploads/2022/09/12th-Maths-Quarterly-Exam-2022-Model-Question-Paper-English-Medium-PDF-Download-1.pdf	https://www.padasalai.net/2024/07/12th-Maths-Quarterly-Exam-Question-Papers-2024-Answer-Keys-English-Medium-Download.html
quarterly	maths	2022	question-paper	model	https://padasalai.info/wp-content/uploads/2022/09/12th-Business-Maths-EM-Quarterly-Exam-Model-Question-Paper-2022-2023-English-Medium-PDF-Download.pdf	https://www.padasalai.net/2024/07/12th-quarterly-exam-question-papers-2024-answer-keys-time-table-download-plus-two.html
quarterly	maths	2022	question-paper	model	https://padasalai.info/wp-content/uploads/2022/09/12th-Maths-Quarterly-Exam-2022-Model-Question-Paper-English-Medium-PDF-Download.pdf	https://www.padasalai.net/2024/07/12th-quarterly-exam-question-papers-2024-answer-keys-time-table-download-plus-two.html
quarterly	maths	2022	question-paper	nagapattinam	https://padasalai.info/wp-content/uploads/2022/09/12th-Maths-EMl-Quarterly-Exam-2022-Original-Question-Paper-Nagapattinam-District-English-Medium-PDF-Download.pdf	https://www.padasalai.net/2024/07/12th-Maths-Quarterly-Exam-Question-Papers-2024-Answer-Keys-English-Medium-Download.html
quarterly	maths	2022	question-paper	nagapattinam	https://padasalai.info/wp-content/uploads/2022/09/12th-Maths-Original-Question-Paper-to-Quarterly-Exam-2022-Nagapattinam-District-English-Medium-PDF-Download.pdf	https://www.padasalai.net/2024/07/12th-Maths-Quarterly-Exam-Question-Papers-2024-Answer-Keys-English-Medium-Download.html
quarterly	maths	2022	question-paper	tenkasi	https://padasalai.info/wp-content/uploads/2022/09/12th-Maths-EM-Quarterly-Exam-2022-Original-Question-Paper-Tenkasi-District-English-Medium-PDF-Download.pdf	https://www.padasalai.net/2024/07/12th-Maths-Quarterly-Exam-Question-Papers-2024-Answer-Keys-English-Medium-Download.html
quarterly	maths	2022	question-paper	virudhunagar	https://padasalai.info/wp-content/uploads/2022/10/12th-Business-Maths-TM-Original-Question-Paper-to-Quarterly-Exam-2022-Virudhunagar-District-English-Medium-PDF-Download.pdf	https://www.padasalai.net/2024/07/12th-quarterly-exam-question-papers-2024-answer-keys-time-table-download-plus-two.html
quarterly	maths	2023	answer-key	set	https://padasalai.info/wp-content/uploads/2023/10/12th-Maths-EM-TM-Answer-Keys-to-Quarterly-Exam-2023-PDF-Download.pdf	https://www.padasalai.net/2024/07/12th-Maths-Quarterly-Exam-Question-Papers-2024-Answer-Keys-English-Medium-Download.html
quarterly	maths	2023	answer-key	thenkasi	https://padasalai.info/wp-content/uploads/2023/09/12th-Maths-EM-Quarterly-Exam-2023-Answer-Keys-Thenkasi-District-English-Medium-PDF-Download.pdf	https://www.padasalai.net/2024/07/12th-Maths-Quarterly-Exam-Question-Papers-2024-Answer-Keys-English-Medium-Download.html
quarterly	maths	2023	answer-key	thenkasi	https://padasalai.info/wp-content/uploads/2023/09/12th-Maths-EM-Quarterly-Exam-2023-Original-Question-Paper-with-Answer-Keys-Thenkasi-District-English-Medium-PDF-Download.pdf	https://www.padasalai.net/2024/07/12th-Maths-Quarterly-Exam-Question-Papers-2024-Answer-Keys-English-Medium-Download.html
quarterly	maths	2023	question-paper	cuddalore	https://padasalai.info/wp-content/uploads/2023/09/12th-Business-Maths-EM-Quarterly-Exam-2023-Original-Question-Paper-Cuddalore-District-EnglishMedium-PDF-Download.pdf	https://www.padasalai.net/2024/07/12th-quarterly-exam-question-papers-2024-answer-keys-time-table-download-plus-two.html
quarterly	maths	2023	question-paper	dharmapuri	https://padasalai.info/wp-content/uploads/2023/09/12th-Maths-EM-Quarterly-Exam-2023-Original-Question-Paper-Dharmapuri-District-English-Medium-PDF-Download.pdf	https://www.padasalai.net/2024/07/12th-Maths-Quarterly-Exam-Question-Papers-2024-Answer-Keys-English-Medium-Download.html
quarterly	maths	2023	question-paper	model	https://padasalai.info/wp-content/uploads/2023/09/12th-Maths-EM-Quarterly-Exam-2023-Model-Question-Paper-1-English-Medium-PDF-Download.pdf	https://www.padasalai.net/2024/07/12th-Maths-Quarterly-Exam-Question-Papers-2024-Answer-Keys-English-Medium-Download.html
quarterly	maths	2023	question-paper	model	https://padasalai.info/wp-content/uploads/2023/09/12th-Maths-EM-Quarterly-Exam-2023-Model-Question-Paper-English-Medium-PDF-Download-1.pdf	https://www.padasalai.net/2024/07/12th-Maths-Quarterly-Exam-Question-Papers-2024-Answer-Keys-English-Medium-Download.html
quarterly	maths	2023	question-paper	model	https://padasalai.info/wp-content/uploads/2023/09/12th-Maths-EM-Quarterly-Exam-2023-Model-Question-Paper-English-Medium-PDF-Download.pdf	https://www.padasalai.net/2024/07/12th-Maths-Quarterly-Exam-Question-Papers-2024-Answer-Keys-English-Medium-Download.html
quarterly	maths	2023	question-paper	set	https://padasalai.info/wp-content/uploads/2023/09/12th-Maths-EM-Quarterly-Exam-2023-Original-Question-Paper-Covai-District-English-Medium-PDF-Download.pdf	https://www.padasalai.net/2024/07/12th-Maths-Quarterly-Exam-Question-Papers-2024-Answer-Keys-English-Medium-Download.html
quarterly	maths	2023	question-paper	set	https://padasalai.info/wp-content/uploads/2023/09/12th-Maths-EM-Quarterly-Exam-2023-Original-Question-Paper-Kanniyakumari-District-English-Medium-PDF-Download.pdf	https://www.padasalai.net/2024/07/12th-Maths-Quarterly-Exam-Question-Papers-2024-Answer-Keys-English-Medium-Download.html
quarterly	maths	2023	question-paper	thenkasi	https://padasalai.info/wp-content/uploads/2023/09/12th-Maths-EM-Quarterly-Exam-2023-Original-Question-Paper-Thenkasi-District-English-Medium-PDF-Download.pdf	https://www.padasalai.net/2024/07/12th-Maths-Quarterly-Exam-Question-Papers-2024-Answer-Keys-English-Medium-Download.html
quarterly	maths	2023	question-paper	thiruvannamalai	https://padasalai.info/wp-content/uploads/2023/09/12th-Maths-EM-Quarterly-Exam-2023-Original-Question-Paper-Thiruvannamalai-District-English-Medium-PDF-Download.pdf	https://www.padasalai.net/2024/07/12th-Maths-Quarterly-Exam-Question-Papers-2024-Answer-Keys-English-Medium-Download.html
quarterly	maths	2023	question-paper	thiruvannamalai	https://padasalai.info/wp-content/uploads/2023/09/12th-Maths-EM-Quarterly-Exam-2023-Original-Question-Paper-Thiruvannamalai-District-English-Medium-PDF-Download-1.pdf	https://www.padasalai.net/2024/07/12th-quarterly-exam-question-papers-2024-answer-keys-time-table-download-plus-two.html
quarterly	maths	2023	question-paper	tirupattur	https://padasalai.info/wp-content/uploads/2023/09/12th-Maths-EM-Quarterly-Exam-2023-Original-Question-Paper-Tirupattur-District-English-Medium-PDF-Download.pdf	https://www.padasalai.net/2024/07/12th-Maths-Quarterly-Exam-Question-Papers-2024-Answer-Keys-English-Medium-Download.html
quarterly	maths	2023	question-paper	virudhunagar	https://padasalai.info/wp-content/uploads/2023/09/12th-Maths-EM-Quarterly-Exam-2023-Original-Question-Paper-Virudhunagar-District-Englishl-Medium-PDF-Download.pdf	https://www.padasalai.net/2024/07/12th-Maths-Quarterly-Exam-Question-Papers-2024-Answer-Keys-English-Medium-Download.html
quarterly	maths	2024	answer-key	chengalpattu	https://padasalai.info/wp-content/uploads/2024/09/12th-Maths-Quarterly-Exam-2024-Original-Question-Paper-With-Answer-Key-Chengalpattur-District-English-Medium-PDF-Download-1.pdf	https://www.padasalai.net/2024/07/12th-Maths-Quarterly-Exam-Question-Papers-2024-Answer-Keys-English-Medium-Download.html
quarterly	maths	2024	answer-key	erode	https://padasalai.info/wp-content/uploads/2024/09/12th-Maths-Quarterly-Exam-2024-Question-Paper-with-Answer-Keys-Erode-District-English-Medium-PDF-Download.pdf	https://www.padasalai.net/2024/07/12th-Maths-Quarterly-Exam-Question-Papers-2024-Answer-Keys-English-Medium-Download.html
quarterly	maths	2024	answer-key	kallakurichi	https://padasalai.info/wp-content/uploads/2024/09/12th-Maths-Quarterly-Exam-2024-Original-Question-Paper-With-Answer-Key-Kallakurichi-District-English-Medium-PDF-Download-1.pdf	https://www.padasalai.net/2024/07/12th-Maths-Quarterly-Exam-Question-Papers-2024-Answer-Keys-English-Medium-Download.html
quarterly	maths	2024	answer-key	kallakurichi	https://padasalai.info/wp-content/uploads/2024/09/12th-Maths-Quarterly-Exam-2024-Original-Question-Paper-With-Answer-Key-Kallakurichi-District-English-Medium-PDF-Download.pdf	https://www.padasalai.net/2024/07/12th-Maths-Quarterly-Exam-Question-Papers-2024-Answer-Keys-English-Medium-Download.html
quarterly	maths	2024	answer-key	set	https://padasalai.info/wp-content/uploads/2024/09/12th-Maths-Quarterly-Exam-2024-Question-Paper-with-Answer-Keys-English-Medium-PDF-Download.pdf	https://www.padasalai.net/2024/07/12th-Maths-Quarterly-Exam-Question-Papers-2024-Answer-Keys-English-Medium-Download.html
quarterly	maths	2024	answer-key	set	https://padasalai.info/wp-content/uploads/2024/09/12th-Business-Maths-EM-Quarterly-Exam-2024-Question-Paper-with-Answer-Keys-English-Medium-PDF-Download.pdf	https://www.padasalai.net/2024/07/12th-quarterly-exam-question-papers-2024-answer-keys-time-table-download-plus-two.html
quarterly	maths	2024	answer-key	tiruppur	https://padasalai.info/wp-content/uploads/2024/09/12th-Maths-Quarterly-Exam-2024-Answer-Key-Tiruppur-District-English-Medium-PDF-Download.pdf	https://www.padasalai.net/2024/07/12th-Maths-Quarterly-Exam-Question-Papers-2024-Answer-Keys-English-Medium-Download.html
quarterly	maths	2024	answer-key	trichy	https://padasalai.info/wp-content/uploads/2024/09/12th-Maths-Quarterly-Exam-2024-Original-Question-Paper-With-Answer-Key-Trichy-District-English-Medium-PDF-Download.pdf	https://www.padasalai.net/2024/07/12th-Maths-Quarterly-Exam-Question-Papers-2024-Answer-Keys-English-Medium-Download.html
quarterly	maths	2024	answer-key	villupuram	https://padasalai.info/wp-content/uploads/2024/09/12th-Maths-Quarterly-Exam-2024-Answer-Key-Villupuram-District-English-Medium-PDF-Download.pdf	https://www.padasalai.net/2024/07/12th-Maths-Quarterly-Exam-Question-Papers-2024-Answer-Keys-English-Medium-Download.html
quarterly	maths	2024	question-paper	coimbatore	https://padasalai.info/wp-content/uploads/2024/09/12th-Maths-Quarterly-Exam-2024-Original-Question-Paper-Coimbatore-District-English-Medium-PDF-Download.pdf	https://www.padasalai.net/2024/07/12th-Maths-Quarterly-Exam-Question-Papers-2024-Answer-Keys-English-Medium-Download.html
quarterly	maths	2024	question-paper	cuddalore	https://padasalai.info/wp-content/uploads/2024/09/12th-Maths-Quarterly-Exam-2024-Original-Question-Paper-Cuddalore-District-English-Medium-PDF-Download.pdf	https://www.padasalai.net/2024/07/12th-Maths-Quarterly-Exam-Question-Papers-2024-Answer-Keys-English-Medium-Download.html
quarterly	maths	2024	question-paper	dharmapuri	https://padasalai.info/wp-content/uploads/2024/09/12th-Maths-Quarterly-Exam-2024-Original-Question-Paper-Dharmapuri-District-English-Medium-PDF-Download.pdf	https://www.padasalai.net/2024/07/12th-Maths-Quarterly-Exam-Question-Papers-2024-Answer-Keys-English-Medium-Download.html
quarterly	maths	2024	question-paper	erode	https://padasalai.info/wp-content/uploads/2024/09/12th-Maths-EM-Quarterly-Exam-2024-Question-Paper-Erode-District-English-Medium-PDF-Download-1.pdf	https://www.padasalai.net/2024/07/12th-Maths-Quarterly-Exam-Question-Papers-2024-Answer-Keys-English-Medium-Download.html
quarterly	maths	2024	question-paper	erode	https://padasalai.info/wp-content/uploads/2024/09/12th-Maths-EM-Quarterly-Exam-2024-Question-Paper-Erode-District-English-Medium-PDF-Download.pdf	https://www.padasalai.net/2024/07/12th-Maths-Quarterly-Exam-Question-Papers-2024-Answer-Keys-English-Medium-Download.html
quarterly	maths	2024	question-paper	erode	https://padasalai.info/wp-content/uploads/2024/09/12th-Maths-Quarterly-Exam-2024-Question-Paper-Erode-District-English-Medium-PDF-Download.pdf	https://www.padasalai.net/2024/07/12th-Maths-Quarterly-Exam-Question-Papers-2024-Answer-Keys-English-Medium-Download.html
quarterly	maths	2024	question-paper	kanyakumari	https://padasalai.info/wp-content/uploads/2024/09/12th-Maths-Quarterly-Exam-2024-Original-Question-Paper-Kanyakumari-District-English-Medium-PDF-Download.pdf	https://www.padasalai.net/2024/07/12th-Maths-Quarterly-Exam-Question-Papers-2024-Answer-Keys-English-Medium-Download.html
quarterly	maths	2024	question-paper	madurai	https://padasalai.info/wp-content/uploads/2024/09/12th-Maths-Quarterly-Exam-2024-Original-Question-Paper-Madurai-District-English-Medium-PDF-Download.pdf	https://www.padasalai.net/2024/07/12th-Maths-Quarterly-Exam-Question-Papers-2024-Answer-Keys-English-Medium-Download.html
quarterly	maths	2024	question-paper	model	https://padasalai.info/wp-content/uploads/2024/09/12th-Maths-Quarterly-Exam-2024-Model-Question-Paper-English-Medium-PDF-Download.pdf	https://www.padasalai.net/2024/07/12th-Maths-Quarterly-Exam-Question-Papers-2024-Answer-Keys-English-Medium-Download.html
quarterly	maths	2024	question-paper	perambalur	https://padasalai.info/wp-content/uploads/2024/09/12th-Maths-Quarterly-Exam-2024-Original-Question-Paper-Perambalur-District-English-Medium-PDF-Download.pdf	https://www.padasalai.net/2024/07/12th-Maths-Quarterly-Exam-Question-Papers-2024-Answer-Keys-English-Medium-Download.html
quarterly	maths	2024	question-paper	set	https://padasalai.info/wp-content/uploads/2024/09/12th-Maths-EM-Quarterly-Exam-2024-Question-Paper-English-Medium-PDF-Download.pdf	https://www.padasalai.net/2024/07/12th-Maths-Quarterly-Exam-Question-Papers-2024-Answer-Keys-English-Medium-Download.html
quarterly	maths	2024	question-paper	set	https://padasalai.info/wp-content/uploads/2024/09/12th-Maths-Quarterly-Exam-2024-Original-Question-Paper-English-Medium-PDF-Download-1.pdf	https://www.padasalai.net/2024/07/12th-Maths-Quarterly-Exam-Question-Papers-2024-Answer-Keys-English-Medium-Download.html
quarterly	maths	2024	question-paper	set	https://padasalai.info/wp-content/uploads/2024/09/12th-Maths-Quarterly-Exam-2024-Original-Question-Paper-English-Medium-PDF-Download-2.pdf	https://www.padasalai.net/2024/07/12th-Maths-Quarterly-Exam-Question-Papers-2024-Answer-Keys-English-Medium-Download.html
quarterly	maths	2024	question-paper	set	https://padasalai.info/wp-content/uploads/2024/09/12th-Maths-Quarterly-Exam-2024-Original-Question-Paper-English-Medium-PDF-Download.pdf	https://www.padasalai.net/2024/07/12th-Maths-Quarterly-Exam-Question-Papers-2024-Answer-Keys-English-Medium-Download.html
quarterly	maths	2024	question-paper	thanjavur	https://padasalai.info/wp-content/uploads/2024/09/12th-Maths-Quarterly-Exam-2024-Original-Question-Paper-Thanjavur-District-English-Medium-PDF-Download.pdf	https://www.padasalai.net/2024/07/12th-Maths-Quarterly-Exam-Question-Papers-2024-Answer-Keys-English-Medium-Download.html
quarterly	maths	2024	question-paper	theni	https://padasalai.info/wp-content/uploads/2024/09/12th-Maths-Quarterly-Exam-2024-Question-Paper-Theni-District-English-Medium-PDF-Download.pdf	https://www.padasalai.net/2024/07/12th-quarterly-exam-question-papers-2024-answer-keys-time-table-download-plus-two.html
quarterly	maths	2024	question-paper	thenkasi	https://padasalai.info/wp-content/uploads/2024/09/12th-Maths-Quarterly-Exam-2024-Question-Paper-Thenkasi-District-English-Medium-PDF-Download.pdf	https://www.padasalai.net/2024/07/12th-Maths-Quarterly-Exam-Question-Papers-2024-Answer-Keys-English-Medium-Download.html
quarterly	maths	2024	question-paper	thiruvallur	https://padasalai.info/wp-content/uploads/2024/09/12th-Maths-Quarterly-Exam-2024-Question-Paper-Thiruvallur-District-English-Medium-PDF-Download.pdf	https://www.padasalai.net/2024/07/12th-Maths-Quarterly-Exam-Question-Papers-2024-Answer-Keys-English-Medium-Download.html
quarterly	maths	2024	question-paper	thiruvannamalai	https://padasalai.info/wp-content/uploads/2024/09/12th-Maths-Quarterly-Exam-2024-Original-Question-Paper-Thiruvannamalai-District-English-Medium-PDF-Download.pdf	https://www.padasalai.net/2024/07/12th-Maths-Quarterly-Exam-Question-Papers-2024-Answer-Keys-English-Medium-Download.html
quarterly	maths	2024	question-paper	thoothukudi	https://padasalai.info/wp-content/uploads/2024/09/12th-Maths-Quarterly-Exam-2024-Original-Question-Paper-Thoothukudi-District-English-Medium-PDF-Download.pdf	https://www.padasalai.net/2024/07/12th-Maths-Quarterly-Exam-Question-Papers-2024-Answer-Keys-English-Medium-Download.html
quarterly	maths	2024	question-paper	tirupattur	https://padasalai.info/wp-content/uploads/2024/09/12th-Maths-Quarterly-Exam-2024-Question-Paper-Tirupattur-District-English-Medium-PDF-Download.pdf	https://www.padasalai.net/2024/07/12th-Maths-Quarterly-Exam-Question-Papers-2024-Answer-Keys-English-Medium-Download.html
quarterly	maths	2024	question-paper	tiruppur	https://padasalai.info/wp-content/uploads/2024/09/12th-Maths-Quarterly-Exam-2024-Original-Question-Paper-Tiruppur-District-English-Medium-PDF-Download.pdf	https://www.padasalai.net/2024/07/12th-Maths-Quarterly-Exam-Question-Papers-2024-Answer-Keys-English-Medium-Download.html
quarterly	maths	2024	question-paper	trichy	https://padasalai.info/wp-content/uploads/2024/09/12th-Business-Maths-EM-Quarterly-Exam-2024-Question-Paper-Trichy-District-PDF-Download.pdf	https://www.padasalai.net/2024/07/12th-quarterly-exam-question-papers-2024-answer-keys-time-table-download-plus-two.html
quarterly	maths	2024	question-paper	vellore	https://padasalai.info/wp-content/uploads/2024/09/12th-Maths-Quarterly-Exam-2024-Original-Question-Paper-Vellore-District-English-Medium-PDF-Download.pdf	https://www.padasalai.net/2024/07/12th-Maths-Quarterly-Exam-Question-Papers-2024-Answer-Keys-English-Medium-Download.html
quarterly	maths	2024	question-paper	virudhunagar	https://padasalai.info/wp-content/uploads/2024/09/12th-Maths-Quarterly-Exam-2024-Original-Question-Paper-Virudhunagar-District-English-Medium-PDF-Download.pdf	https://www.padasalai.net/2024/07/12th-Maths-Quarterly-Exam-Question-Papers-2024-Answer-Keys-English-Medium-Download.html
quarterly	maths	2025	answer-key	chengalpattu	https://drive.usercontent.google.com/download?id=1opsYO7mrztbzlZsXo9sykB66oC9NVZ9u&export=download&confirm=t	https://www.padasalai.net/2025/06/12th-quarterly-exam-question-papers-2025-answer-keys-time-table-download-plus-two.html
quarterly	maths	2025	answer-key	chengalpattu	https://drive.usercontent.google.com/download?id=1LTIM-CRvDVttXL3WnuW7mi5nvF67OFrZ&export=download&confirm=t	https://www.padasalai.net/2025/06/12th-quarterly-exam-question-papers-2025-answer-keys-time-table-download-plus-two.html
quarterly	maths	2025	answer-key	chengalpattu	https://drive.usercontent.google.com/download?id=1tjxd7ycoAIk1W1Wu3nCVbgMH4ttV1P1s&export=download&confirm=t	https://www.padasalai.net/2025/06/12th-quarterly-exam-question-papers-2025-answer-keys-time-table-download-plus-two.html
quarterly	maths	2025	answer-key	chengalpattu	https://drive.usercontent.google.com/download?id=1p1d1KFhuBHtsYQFcSh2Rra7oPXlDP2bZ&export=download&confirm=t	https://www.padasalai.net/2025/06/12th-quarterly-exam-question-papers-2025-answer-keys-time-table-download-plus-two.html
quarterly	maths	2025	answer-key	chengalpattu	https://drive.usercontent.google.com/download?id=1tgyrJPTmQmEFTffi3OY70wFU3wlsN1E2&export=download&confirm=t	https://www.padasalai.net/2025/06/12th-quarterly-exam-question-papers-2025-answer-keys-time-table-download-plus-two.html
quarterly	maths	2025	answer-key	coimbatore	https://drive.usercontent.google.com/download?id=134Zf2IQT4ZvjzqtI6yCMUruuC0CeRiqr&export=download&confirm=t	https://www.padasalai.net/2025/06/12th-quarterly-exam-question-papers-2025-answer-keys-time-table-download-plus-two.html
quarterly	maths	2025	answer-key	coimbatore	https://drive.usercontent.google.com/download?id=1o-dkcIbSmMMh9RJUvFbMwExHDL-VhSLy&export=download&confirm=t	https://www.padasalai.net/2025/06/12th-quarterly-exam-question-papers-2025-answer-keys-time-table-download-plus-two.html
quarterly	maths	2025	answer-key	coimbatore	https://drive.usercontent.google.com/download?id=1mDKv6wFwv3GNMy7fLkbksL4e1FAdcjVa&export=download&confirm=t	https://www.padasalai.net/2025/06/12th-quarterly-exam-question-papers-2025-answer-keys-time-table-download-plus-two.html
quarterly	maths	2025	answer-key	coimbatore	https://drive.usercontent.google.com/download?id=1wsPRC0IwZfywkEHGq_qadvKqHfP_QzxY&export=download&confirm=t	https://www.padasalai.net/2025/06/12th-quarterly-exam-question-papers-2025-answer-keys-time-table-download-plus-two.html
quarterly	maths	2025	answer-key	coimbatore	https://drive.usercontent.google.com/download?id=1XXvxrHFpV4GJgAvUUiRCBLLR9y3w5PHH&export=download&confirm=t	https://www.padasalai.net/2025/06/12th-quarterly-exam-question-papers-2025-answer-keys-time-table-download-plus-two.html
quarterly	maths	2025	answer-key	coimbatore	https://drive.usercontent.google.com/download?id=1Ud2ohNZghEFinRzooawp-BJkw8VXzJWa&export=download&confirm=t	https://www.padasalai.net/2025/06/12th-quarterly-exam-question-papers-2025-answer-keys-time-table-download-plus-two.html
quarterly	maths	2025	answer-key	erode	https://drive.usercontent.google.com/download?id=14LdXY0SQE4euogjMcv_lDoMXOPVGI91N&export=download&confirm=t	https://www.padasalai.net/2025/06/12th-quarterly-exam-question-papers-2025-answer-keys-time-table-download-plus-two.html
quarterly	maths	2025	answer-key	madurai	https://drive.usercontent.google.com/download?id=1UOzcYBUA0dJ4DzYVTKoPl9c0UqqGNbB6&export=download&confirm=t	https://www.padasalai.net/2025/06/12th-quarterly-exam-question-papers-2025-answer-keys-time-table-download-plus-two.html
quarterly	maths	2025	answer-key	tenkasi	https://drive.usercontent.google.com/download?id=1aySfT8oWSPT5CQ8NvanBjCAZaBsmkV3J&export=download&confirm=t	https://www.padasalai.net/2025/06/12th-quarterly-exam-question-papers-2025-answer-keys-time-table-download-plus-two.html
quarterly	maths	2025	answer-key	thanjavur	https://drive.usercontent.google.com/download?id=1E0SMiqVNkk6UUBCpTI84UX0mKAZgdVbf&export=download&confirm=t	https://www.padasalai.net/2025/06/12th-quarterly-exam-question-papers-2025-answer-keys-time-table-download-plus-two.html
quarterly	maths	2025	answer-key	thanjavur	https://drive.usercontent.google.com/download?id=14lgr6b2jBGP9fVREAmLYefXlL-PsTiQO&export=download&confirm=t	https://www.padasalai.net/2025/06/12th-quarterly-exam-question-papers-2025-answer-keys-time-table-download-plus-two.html
quarterly	maths	2025	answer-key	thanjavur	https://drive.usercontent.google.com/download?id=1qN0OLBlq8Mz42nEDngHInUyeMyMjKjFC&export=download&confirm=t	https://www.padasalai.net/2025/06/12th-quarterly-exam-question-papers-2025-answer-keys-time-table-download-plus-two.html
quarterly	maths	2025	answer-key	thoothukudi	https://drive.usercontent.google.com/download?id=1GKVIvW8xTqSXnEXukiOJXvDVy6oFY1Nc&export=download&confirm=t	https://www.padasalai.net/2025/06/12th-quarterly-exam-question-papers-2025-answer-keys-time-table-download-plus-two.html
quarterly	maths	2025	answer-key	tiruppur	https://drive.usercontent.google.com/download?id=1H3Ot5F2GuuBgLDSC91IedhiDooXWI4Zs&export=download&confirm=t	https://www.padasalai.net/2025/06/12th-quarterly-exam-question-papers-2025-answer-keys-time-table-download-plus-two.html
quarterly	maths	2025	answer-key	tiruppur	https://drive.usercontent.google.com/download?id=1UYCrJBA7ttM1cjORCMs1ZE5SHXdGddxf&export=download&confirm=t	https://www.padasalai.net/2025/06/12th-quarterly-exam-question-papers-2025-answer-keys-time-table-download-plus-two.html
quarterly	maths	2025	answer-key	tiruppur	https://drive.usercontent.google.com/download?id=15PEhfUgkFZpmsH3_hJGEocJNu4pU68vi&export=download&confirm=t	https://www.padasalai.net/2025/06/12th-quarterly-exam-question-papers-2025-answer-keys-time-table-download-plus-two.html
quarterly	maths	2025	question-paper	chengalpattu	https://drive.usercontent.google.com/download?id=1bY5hrDU6cwh54MpCXhjEchLnPm6Pq751&export=download&confirm=t	https://www.padasalai.net/2025/06/12th-quarterly-exam-question-papers-2025-answer-keys-time-table-download-plus-two.html
quarterly	maths	2025	question-paper	chengalpattu	https://drive.usercontent.google.com/download?id=1hA8a0u1BXgMeXaeUZBEur1Jnp_TkFP8f&export=download&confirm=t	https://www.padasalai.net/2025/06/12th-quarterly-exam-question-papers-2025-answer-keys-time-table-download-plus-two.html
quarterly	maths	2025	question-paper	chengalpattu	https://drive.usercontent.google.com/download?id=1BodQWNKO5Zl0Z0VjvWg2gtjWj3328hmM&export=download&confirm=t	https://www.padasalai.net/2025/06/12th-quarterly-exam-question-papers-2025-answer-keys-time-table-download-plus-two.html
quarterly	maths	2025	question-paper	chennai	https://drive.usercontent.google.com/download?id=1o8hcEUcEUWCuh_JEQs3i9gDPXDmawxG6&export=download&confirm=t	https://www.padasalai.net/2025/06/12th-quarterly-exam-question-papers-2025-answer-keys-time-table-download-plus-two.html
quarterly	maths	2025	question-paper	chennai	https://drive.usercontent.google.com/download?id=1DPPOcsQNl5-TssYE_24OXHnbJltYXPdO&export=download&confirm=t	https://www.padasalai.net/2025/06/12th-quarterly-exam-question-papers-2025-answer-keys-time-table-download-plus-two.html
quarterly	maths	2025	question-paper	coimbatore	https://drive.usercontent.google.com/download?id=10njvxG_8Aq0Ks3IGmBnPYem2pf6FgsjL&export=download&confirm=t	https://www.padasalai.net/2025/06/12th-quarterly-exam-question-papers-2025-answer-keys-time-table-download-plus-two.html
quarterly	maths	2025	question-paper	coimbatore	https://drive.usercontent.google.com/download?id=1SeJAQ2zPbbLUCwDcjFYZrO568SWvgR8C&export=download&confirm=t	https://www.padasalai.net/2025/06/12th-quarterly-exam-question-papers-2025-answer-keys-time-table-download-plus-two.html
quarterly	maths	2025	question-paper	coimbatore	https://drive.usercontent.google.com/download?id=1WbU24K5hiQAf-NINsjH-2ZnIi2VcNiuy&export=download&confirm=t	https://www.padasalai.net/2025/06/12th-quarterly-exam-question-papers-2025-answer-keys-time-table-download-plus-two.html
quarterly	maths	2025	question-paper	cuddalore	https://drive.usercontent.google.com/download?id=13hBNDxlQ1cHMU5iXWX8NgJLhecZFbPab&export=download&confirm=t	https://www.padasalai.net/2025/06/12th-quarterly-exam-question-papers-2025-answer-keys-time-table-download-plus-two.html
quarterly	maths	2025	question-paper	cuddalore	https://drive.usercontent.google.com/download?id=1-cAImIS26hui18eWkIwGSseyT07qFP59&export=download&confirm=t	https://www.padasalai.net/2025/06/12th-quarterly-exam-question-papers-2025-answer-keys-time-table-download-plus-two.html
quarterly	maths	2025	question-paper	cuddalore	https://drive.usercontent.google.com/download?id=1trUvwh3ej-GQLLw3Huy5wkcpjszoIAZU&export=download&confirm=t	https://www.padasalai.net/2025/06/12th-quarterly-exam-question-papers-2025-answer-keys-time-table-download-plus-two.html
quarterly	maths	2025	question-paper	cuddalore	https://drive.usercontent.google.com/download?id=1QuyPD16AcRCV_-BH_hB2e9fzKVyJ2p8i&export=download&confirm=t	https://www.padasalai.net/2025/06/12th-quarterly-exam-question-papers-2025-answer-keys-time-table-download-plus-two.html
quarterly	maths	2025	question-paper	cuddalore	https://drive.usercontent.google.com/download?id=1p81ZzI1g58ndqpETiCzflLQKLA1vP7_r&export=download&confirm=t	https://www.padasalai.net/2025/06/12th-quarterly-exam-question-papers-2025-answer-keys-time-table-download-plus-two.html
quarterly	maths	2025	question-paper	cuddalore	https://drive.usercontent.google.com/download?id=1INfWFltvL51O8DJgxnBtWVQJUfd3hkQL&export=download&confirm=t	https://www.padasalai.net/2025/06/12th-quarterly-exam-question-papers-2025-answer-keys-time-table-download-plus-two.html
quarterly	maths	2025	question-paper	dharmapuri	https://drive.usercontent.google.com/download?id=1lMSB0AYs2juVnpDZGd_wY27ahUw8_eIJ&export=download&confirm=t	https://www.padasalai.net/2025/06/12th-quarterly-exam-question-papers-2025-answer-keys-time-table-download-plus-two.html
quarterly	maths	2025	question-paper	dharmapuri	https://drive.usercontent.google.com/download?id=1X0CIg73P6Un2YQ33FILcad3y2Ne5ocfS&export=download&confirm=t	https://www.padasalai.net/2025/06/12th-quarterly-exam-question-papers-2025-answer-keys-time-table-download-plus-two.html
quarterly	maths	2025	question-paper	dharmapuri	https://drive.usercontent.google.com/download?id=1M_jqeDXgUFG-Ai-9zwbxnEZvf6-_ncnS&export=download&confirm=t	https://www.padasalai.net/2025/06/12th-quarterly-exam-question-papers-2025-answer-keys-time-table-download-plus-two.html
quarterly	maths	2025	question-paper	erode	https://drive.usercontent.google.com/download?id=1zSL0J9-yLP2eP-MGcl6TqKPG8RhCtRYr&export=download&confirm=t	https://www.padasalai.net/2025/06/12th-quarterly-exam-question-papers-2025-answer-keys-time-table-download-plus-two.html
quarterly	maths	2025	question-paper	kanchipuram	https://drive.usercontent.google.com/download?id=1F8-mrFF5xtFpMOEaHs1t_R3XlFi84hrP&export=download&confirm=t	https://www.padasalai.net/2025/06/12th-quarterly-exam-question-papers-2025-answer-keys-time-table-download-plus-two.html
quarterly	maths	2025	question-paper	kanchipuram	https://drive.usercontent.google.com/download?id=1EXSjijrj546XFY1jctE2oeZUJFFJ9pj4&export=download&confirm=t	https://www.padasalai.net/2025/06/12th-quarterly-exam-question-papers-2025-answer-keys-time-table-download-plus-two.html
quarterly	maths	2025	question-paper	kanchipuram	https://drive.usercontent.google.com/download?id=1W-J6UWwVZrVNhDpIfpR7z3yr7YLJXO9n&export=download&confirm=t	https://www.padasalai.net/2025/06/12th-quarterly-exam-question-papers-2025-answer-keys-time-table-download-plus-two.html
quarterly	maths	2025	question-paper	madurai	https://drive.usercontent.google.com/download?id=1SbXV1EXmCF7kwmYIVa5byrsnduQ2BZ6H&export=download&confirm=t	https://www.padasalai.net/2025/06/12th-quarterly-exam-question-papers-2025-answer-keys-time-table-download-plus-two.html
quarterly	maths	2025	question-paper	madurai	https://drive.usercontent.google.com/download?id=1L5gPWSuTPq1ZilpOFm85Vs8bCI5ghrCH&export=download&confirm=t	https://www.padasalai.net/2025/06/12th-quarterly-exam-question-papers-2025-answer-keys-time-table-download-plus-two.html
quarterly	maths	2025	question-paper	madurai	https://drive.usercontent.google.com/download?id=1YF12K0NO_YzQIeTCKg0k-sNleJ_hZI6a&export=download&confirm=t	https://www.padasalai.net/2025/06/12th-quarterly-exam-question-papers-2025-answer-keys-time-table-download-plus-two.html
quarterly	maths	2025	question-paper	madurai	https://drive.usercontent.google.com/download?id=1nklSS1by8Te_O6-jw8T2ENfZBoh7HSWP&export=download&confirm=t	https://www.padasalai.net/2025/06/12th-quarterly-exam-question-papers-2025-answer-keys-time-table-download-plus-two.html
quarterly	maths	2025	question-paper	madurai	https://drive.usercontent.google.com/download?id=1MBn9WY5xkmnMuKe5eCJMLqDVqFuIPeWD&export=download&confirm=t	https://www.padasalai.net/2025/06/12th-quarterly-exam-question-papers-2025-answer-keys-time-table-download-plus-two.html
quarterly	maths	2025	question-paper	model	https://drive.usercontent.google.com/download?id=1Ksgjig4btIZKMFkbfQwd2k1rIytG5DeX&export=download&confirm=t	https://www.padasalai.net/2025/06/12th-quarterly-exam-question-papers-2025-answer-keys-time-table-download-plus-two.html
quarterly	maths	2025	question-paper	model	https://drive.usercontent.google.com/download?id=1Cf1_Gex9YSmTB2oxrfa3SzRKb3dV2NWW&export=download&confirm=t	https://www.padasalai.net/2025/06/12th-quarterly-exam-question-papers-2025-answer-keys-time-table-download-plus-two.html
quarterly	maths	2025	question-paper	model	https://drive.usercontent.google.com/download?id=1zoIoJu_egIkaBzKrjMWc2JohU6dgFX2L&export=download&confirm=t	https://www.padasalai.net/2025/06/12th-quarterly-exam-question-papers-2025-answer-keys-time-table-download-plus-two.html
quarterly	maths	2025	question-paper	perambalur	https://drive.usercontent.google.com/download?id=1rAYY6QJOBFxfjX68B8KLblRXEHjj0SP4&export=download&confirm=t	https://www.padasalai.net/2025/06/12th-quarterly-exam-question-papers-2025-answer-keys-time-table-download-plus-two.html
quarterly	maths	2025	question-paper	salem	https://drive.usercontent.google.com/download?id=1dEnzzz967zIZlHOojAv3Z6xzJ9gCutsT&export=download&confirm=t	https://www.padasalai.net/2025/06/12th-quarterly-exam-question-papers-2025-answer-keys-time-table-download-plus-two.html
quarterly	maths	2025	question-paper	tenkasi	https://drive.usercontent.google.com/download?id=1XHGX1kPkm3iGaEfNpWskbdH_TL2CkqRU&export=download&confirm=t	https://www.padasalai.net/2025/06/12th-quarterly-exam-question-papers-2025-answer-keys-time-table-download-plus-two.html
quarterly	maths	2025	question-paper	tenkasi	https://drive.usercontent.google.com/download?id=1jUiwGv5Q9WP-Kl7BfjipLU4eY4aqyKsN&export=download&confirm=t	https://www.padasalai.net/2025/06/12th-quarterly-exam-question-papers-2025-answer-keys-time-table-download-plus-two.html
quarterly	maths	2025	question-paper	thanjavur	https://drive.usercontent.google.com/download?id=1HA6nHtzHh8VyOflvre3IKVbEwzr5ISgx&export=download&confirm=t	https://www.padasalai.net/2025/06/12th-quarterly-exam-question-papers-2025-answer-keys-time-table-download-plus-two.html
quarterly	maths	2025	question-paper	thanjavur	https://drive.usercontent.google.com/download?id=1CMkNSIsuMsnya4AVmj3u9Eg43SvH70MA&export=download&confirm=t	https://www.padasalai.net/2025/06/12th-quarterly-exam-question-papers-2025-answer-keys-time-table-download-plus-two.html
quarterly	maths	2025	question-paper	thanjavur	https://drive.usercontent.google.com/download?id=1gyhcq6h_6fyzI-xFmU1nmKBt6SZFjbOz&export=download&confirm=t	https://www.padasalai.net/2025/06/12th-quarterly-exam-question-papers-2025-answer-keys-time-table-download-plus-two.html
quarterly	maths	2025	question-paper	theni	https://drive.usercontent.google.com/download?id=1-ktWBydytkUb1_TMFU7awy8LW6G5Tn1z&export=download&confirm=t	https://www.padasalai.net/2025/06/12th-quarterly-exam-question-papers-2025-answer-keys-time-table-download-plus-two.html
quarterly	maths	2025	question-paper	theni	https://drive.usercontent.google.com/download?id=169-J97M-guz4LX1iuOPs-WGegbeGT06K&export=download&confirm=t	https://www.padasalai.net/2025/06/12th-quarterly-exam-question-papers-2025-answer-keys-time-table-download-plus-two.html
quarterly	maths	2025	question-paper	thoothukudi	https://drive.usercontent.google.com/download?id=1K2kvJ5hp4uTD3lfbiH9eD5M-wn_eJb9j&export=download&confirm=t	https://www.padasalai.net/2025/06/12th-quarterly-exam-question-papers-2025-answer-keys-time-table-download-plus-two.html
quarterly	maths	2025	question-paper	thoothukudi	https://drive.usercontent.google.com/download?id=1R038vWKhhknAAYwoKwReiyBWJubKZ7pj&export=download&confirm=t	https://www.padasalai.net/2025/06/12th-quarterly-exam-question-papers-2025-answer-keys-time-table-download-plus-two.html
quarterly	maths	2025	question-paper	tiruvannamalai	https://drive.usercontent.google.com/download?id=12J1_3PDUOsChuM73ZK9BFNsoIlF2u4Po&export=download&confirm=t	https://www.padasalai.net/2025/06/12th-quarterly-exam-question-papers-2025-answer-keys-time-table-download-plus-two.html
quarterly	maths	2025	question-paper	tiruvannamalai	https://drive.usercontent.google.com/download?id=1fn1dXA3sczOPGoDkBK24C5UFdJVMAofX&export=download&confirm=t	https://www.padasalai.net/2025/06/12th-quarterly-exam-question-papers-2025-answer-keys-time-table-download-plus-two.html
quarterly	maths	2025	question-paper	trichy	https://drive.usercontent.google.com/download?id=1gpTkGs3W7Y11sgXKJPjnNQCSx1xCKj4k&export=download&confirm=t	https://www.padasalai.net/2025/06/12th-quarterly-exam-question-papers-2025-answer-keys-time-table-download-plus-two.html
quarterly	maths	2025	question-paper	virudhunagar	https://drive.usercontent.google.com/download?id=17UH0ceSi2b2RYPZmIu9kr-_hMQHH7frw&export=download&confirm=t	https://www.padasalai.net/2025/06/12th-quarterly-exam-question-papers-2025-answer-keys-time-table-download-plus-two.html
quarterly	maths	2026	answer-key	coimbatore	https://drive.usercontent.google.com/download?id=1GKS58S0ALu71noy_IjWlcWs_ePLVPflM&export=download&confirm=t	https://www.padasalai.net/2025/06/12th-quarterly-exam-question-papers-2025-answer-keys-time-table-download-plus-two.html
quarterly	maths	2026	answer-key	erode	https://drive.usercontent.google.com/download?id=1vS43wPur6Qns8hdka6UlYK_hXBn3UYqF&export=download&confirm=t	https://www.padasalai.net/2025/06/12th-quarterly-exam-question-papers-2025-answer-keys-time-table-download-plus-two.html
quarterly	maths	na	question-paper	model	https://padasalai.info/wp-content/uploads/2025/04/12th-business-maths-quarterly-exam-model-question-paper-english-medium.pdf	https://www.padasalai.net/2024/07/12th-quarterly-exam-question-papers-2024-answer-keys-time-table-download-plus-two.html
quarterly	maths	na	question-paper	model	https://padasalai.info/wp-content/uploads/2025/04/12th-maths-quarterly-exam-model-question-paper-12-english-medium.pdf	https://www.padasalai.net/2024/07/12th-quarterly-exam-question-papers-2024-answer-keys-time-table-download-plus-two.html
quarterly	physics	2022	answer-key	dharmapuri	https://padasalai.info/wp-content/uploads/2022/10/12th-Physics-EM-Answer-Key-to-Quarterly-Exam-2022-Dharmapuri-District-English-medium-PDF-Download.pdf	https://www.padasalai.net/2024/07/12th-Physics-Quarterly-Exam-Question-Papers-2024-Answer-Keys-English-Medium-Download.html
quarterly	physics	2022	answer-key	toothukudi	https://padasalai.info/wp-content/uploads/2022/10/12th-Physics-EM-Answer-Key-to-Quarterly-Exam-2022-Original-Question-Paper-Toothukudi-District-English-Medium-PDF-Download.pdf	https://www.padasalai.net/2024/07/12th-Physics-Quarterly-Exam-Question-Papers-2024-Answer-Keys-English-Medium-Download.html
quarterly	physics	2022	question-paper	model	https://drive.usercontent.google.com/download?id=1bx95rjDxSaA76UZk3LbOEJzuSCHr4JZl&export=download&confirm=t	https://www.padasalai.net/2022/08/plus-two-12th-quarterly-exam-question-paper-answer-keys-pdf-download-2022-2023.html
quarterly	physics	2022	question-paper	model	https://padasalai.info/wp-content/uploads/2022/09/12th-Physics-EM-Quarterly-Exam-2022-Model-Question-Paper-English-Medium-PDF-Download-1.pdf	https://www.padasalai.net/2024/07/12th-Physics-Quarterly-Exam-Question-Papers-2024-Answer-Keys-English-Medium-Download.html
quarterly	physics	2022	question-paper	model	https://padasalai.info/wp-content/uploads/2022/09/12th-Physics-EM-Quarterly-Exam-2022-Model-Question-Paper-English-Medium-PDF-Download-2.pdf	https://www.padasalai.net/2024/07/12th-Physics-Quarterly-Exam-Question-Papers-2024-Answer-Keys-English-Medium-Download.html
quarterly	physics	2022	question-paper	model	https://padasalai.info/wp-content/uploads/2022/09/12th-Physics-EM-Quarterly-Exam-2022-Model-Question-Paper-English-Medium-PDF-Download-3.pdf	https://www.padasalai.net/2024/07/12th-Physics-Quarterly-Exam-Question-Papers-2024-Answer-Keys-English-Medium-Download.html
quarterly	physics	2022	question-paper	model	https://padasalai.info/wp-content/uploads/2022/09/12th-Physics-EM-Quarterly-Exam-2022-Model-Question-Paper-English-Medium-PDF-Download.pdf	https://www.padasalai.net/2024/07/12th-Physics-Quarterly-Exam-Question-Papers-2024-Answer-Keys-English-Medium-Download.html
quarterly	physics	2022	question-paper	model	https://padasalai.info/wp-content/uploads/2022/09/12th-Physics-EM-Quarterly-Exam-Model-Question-Paper-2022-English-Medium-PDF-Download.pdf	https://www.padasalai.net/2024/07/12th-Physics-Quarterly-Exam-Question-Papers-2024-Answer-Keys-English-Medium-Download.html
quarterly	physics	2022	question-paper	model	https://padasalai.info/wp-content/uploads/2022/09/12th-Physics-Quarterly-Exam-2022-Model-Question-Paper-A-Series-English-Medium-PDF-Download.pdf	https://www.padasalai.net/2024/07/12th-Physics-Quarterly-Exam-Question-Papers-2024-Answer-Keys-English-Medium-Download.html
quarterly	physics	2022	question-paper	model	https://padasalai.info/wp-content/uploads/2022/09/12th-Physics-Quarterly-Exam-2022-Model-Question-Paper-English-Medium-PDF-Download.pdf	https://www.padasalai.net/2024/07/12th-Physics-Quarterly-Exam-Question-Papers-2024-Answer-Keys-English-Medium-Download.html
quarterly	physics	2022	question-paper	model	https://padasalai.info/wp-content/uploads/2022/10/12th-Physics-EM-Quarterly-Exam-2022-Model-Question-Paper-English-Medium-PDF-Download.pdf	https://www.padasalai.net/2024/07/12th-Physics-Quarterly-Exam-Question-Papers-2024-Answer-Keys-English-Medium-Download.html
quarterly	physics	2022	question-paper	set	https://padasalai.info/wp-content/uploads/2022/09/12th-Physics-EM-Original-Question-Paper-to-Quarterly-Exam-2022-Tricy-District-English-Medium-PDF-Download.pdf	https://www.padasalai.net/2024/07/12th-Physics-Quarterly-Exam-Question-Papers-2024-Answer-Keys-English-Medium-Download.html
quarterly	physics	2022	question-paper	tenkasi	https://padasalai.info/wp-content/uploads/2022/09/12th-Physics-EM-Quarterly-Exam-2022-Original-Question-Paper-Tenkasi-District-English-Medium-PDF-Download.pdf	https://www.padasalai.net/2024/07/12th-Physics-Quarterly-Exam-Question-Papers-2024-Answer-Keys-English-Medium-Download.html
quarterly	physics	2022	question-paper	tiruppur	https://padasalai.info/wp-content/uploads/2022/09/12th-Physics-EM-Original-Question-Paper-to-Quarterly-Exam-2022-Tiruppur-District-English-Medium-PDF-Download.pdf	https://www.padasalai.net/2024/07/12th-Physics-Quarterly-Exam-Question-Papers-2024-Answer-Keys-English-Medium-Download.html
quarterly	physics	2022	question-paper	tiruppur	https://padasalai.info/wp-content/uploads/2022/10/12th-Physics-EM-Original-Question-Paper-to-Quarterly-Exam-2022-Tiruppur-District-English-Medium-PDF-Download.pdf	https://www.padasalai.net/2024/07/12th-Physics-Quarterly-Exam-Question-Papers-2024-Answer-Keys-English-Medium-Download.html
quarterly	physics	2022	question-paper	toothukudi	https://padasalai.info/wp-content/uploads/2022/10/12th-Physics-EM-Quarterly-Exam-2022-Original-Question-Paper-Toothukudi-District-English-Medium-PDF-Download.pdf	https://www.padasalai.net/2024/07/12th-Physics-Quarterly-Exam-Question-Papers-2024-Answer-Keys-English-Medium-Download.html
quarterly	physics	2023	answer-key	set	https://padasalai.info/wp-content/uploads/2023/10/12th-Physics-EM-TM-Answer-Keys-to-Quarterly-Exam-2023-PDF-Download.pdf	https://www.padasalai.net/2024/07/12th-Physics-Quarterly-Exam-Question-Papers-2024-Answer-Keys-English-Medium-Download.html
quarterly	physics	2023	answer-key	thiruvannamalai	https://padasalai.info/wp-content/uploads/2023/09/12th-Physics-EM-Quarterly-Exam-2023-Answer-Keys-Thiruvannamalai-District-English-Medium-PDF-Download.pdf	https://www.padasalai.net/2024/07/12th-Physics-Quarterly-Exam-Question-Papers-2024-Answer-Keys-English-Medium-Download.html
quarterly	physics	2023	answer-key	toothukudi	https://padasalai.info/wp-content/uploads/2023/09/12th-Physics-EM-Quarterly-Exam-2023-Original-Question-Paper-with-Answer-Keys-Toothukudi-District-English-Medium-PDF-Download.pdf	https://www.padasalai.net/2024/07/12th-Physics-Quarterly-Exam-Question-Papers-2024-Answer-Keys-English-Medium-Download.html
quarterly	physics	2023	answer-key	tuticorin	https://padasalai.info/wp-content/uploads/2023/09/12th-Physics-EM-Quarterly-Exam-2023-Original-Question-Paper-with-Answer-Key-Tuticorin-District-English-Medium-PDF-Download.pdf	https://www.padasalai.net/2024/07/12th-Physics-Quarterly-Exam-Question-Papers-2024-Answer-Keys-English-Medium-Download.html
quarterly	physics	2023	question-paper	dharmapuri	https://padasalai.info/wp-content/uploads/2023/09/12th-Physics-EM-Quarterly-Exam-2023-Original-Question-Paper-Dharmapuri-District-English-Medium-PDF-Download.pdf	https://www.padasalai.net/2024/07/12th-Physics-Quarterly-Exam-Question-Papers-2024-Answer-Keys-English-Medium-Download.html
quarterly	physics	2023	question-paper	model	https://padasalai.info/wp-content/uploads/2023/08/12th-Physics-EM-Quarterly-Exam-2023-Model-Question-Paper-English-Medium-PDF-Download.pdf	https://www.padasalai.net/2024/07/12th-Physics-Quarterly-Exam-Question-Papers-2024-Answer-Keys-English-Medium-Download.html
quarterly	physics	2023	question-paper	model	https://padasalai.info/wp-content/uploads/2023/09/12th-Physics-EM-Quarterly-Exam-2023-Model-Question-Paper-English-Medium-PDF-Download.pdf	https://www.padasalai.net/2024/07/12th-Physics-Quarterly-Exam-Question-Papers-2024-Answer-Keys-English-Medium-Download.html
quarterly	physics	2023	question-paper	sivaganga	https://padasalai.info/wp-content/uploads/2023/09/12th-Physics-EM-Quarterly-Exam-2023-Original-Question-Paper-Sivaganga-Districct-English-Medium-PDF-Download.pdf	https://www.padasalai.net/2024/07/12th-Physics-Quarterly-Exam-Question-Papers-2024-Answer-Keys-English-Medium-Download.html
quarterly	physics	2023	question-paper	thenkasi	https://padasalai.info/wp-content/uploads/2023/09/12th-Physics-EM-Quarterly-Exam-2023-Original-Question-Paper-Thenkasi-District-English-Medium-PDF-Download.pdf	https://www.padasalai.net/2024/07/12th-Physics-Quarterly-Exam-Question-Papers-2024-Answer-Keys-English-Medium-Download.html
quarterly	physics	2023	question-paper	tirupattur	https://padasalai.info/wp-content/uploads/2023/09/12th-Physics-EM-Quarterly-Exam-2023-Original-Question-Paper-Tirupattur-District-English-Medium-PDF-Download.pdf	https://www.padasalai.net/2024/07/12th-Physics-Quarterly-Exam-Question-Papers-2024-Answer-Keys-English-Medium-Download.html
quarterly	physics	2023	question-paper	virudhunagar	https://padasalai.info/wp-content/uploads/2023/09/12th-Physics-EM-Quarterly-Exam-2023-Original-Question-Paper-Virudhunagar-District-English-Medium-PDF-Download.pdf	https://www.padasalai.net/2024/07/12th-Physics-Quarterly-Exam-Question-Papers-2024-Answer-Keys-English-Medium-Download.html
quarterly	physics	2024	answer-key	chengalpattu	https://padasalai.info/wp-content/uploads/2024/09/12th-Physics-Quarterly-Exam-2024-Original-Question-Paper-With-Answer-Key-Chengalpattu-District-English-Medium-PDF-Download.pdf	https://www.padasalai.net/2024/07/12th-Physics-Quarterly-Exam-Question-Papers-2024-Answer-Keys-English-Medium-Download.html
quarterly	physics	2024	answer-key	karur	https://padasalai.info/wp-content/uploads/2024/09/12th-Physics-Quarterly-Exam-2024-Original-Question-Paper-With-Answer-Key-Karur-District-English-Medium-PDF-Download.pdf	https://www.padasalai.net/2024/07/12th-Physics-Quarterly-Exam-Question-Papers-2024-Answer-Keys-English-Medium-Download.html
quarterly	physics	2024	answer-key	namakkal	https://padasalai.info/wp-content/uploads/2024/09/12th-Physics-Quarterly-Exam-2024-Original-Question-Paper-With-Answer-Key-Namakkal-District-English-Medium-PDF-Download-1.pdf	https://www.padasalai.net/2024/07/12th-Physics-Quarterly-Exam-Question-Papers-2024-Answer-Keys-English-Medium-Download.html
quarterly	physics	2024	answer-key	namakkal	https://padasalai.info/wp-content/uploads/2024/09/12th-Physics-Quarterly-Exam-2024-Original-Question-Paper-With-Answer-Key-Namakkal-District-English-Medium-PDF-Download.pdf	https://www.padasalai.net/2024/07/12th-Physics-Quarterly-Exam-Question-Papers-2024-Answer-Keys-English-Medium-Download.html
quarterly	physics	2024	answer-key	set	https://padasalai.info/wp-content/uploads/2024/09/12th-Physics-EM-Quarterly-Exam-2024-Answer-Keys-English-Medium-PDF-Download.pdf	https://www.padasalai.net/2024/07/12th-Physics-Quarterly-Exam-Question-Papers-2024-Answer-Keys-English-Medium-Download.html
quarterly	physics	2024	answer-key	thiruvannamalai	https://padasalai.info/wp-content/uploads/2024/09/12th-Physics-Quarterly-Exam-2024-Answer-Key-Thiruvannamalai-Dsitrict-English-Medium-PDF-Download.pdf	https://www.padasalai.net/2024/07/12th-Physics-Quarterly-Exam-Question-Papers-2024-Answer-Keys-English-Medium-Download.html
quarterly	physics	2024	answer-key	thiruvannamalai	https://padasalai.info/wp-content/uploads/2024/09/12th-Physics-Quarterly-Exam-2024-Questions-With-Answer-Key-Thiruvannamalai-District-English-Medium-PDF-Download.pdf	https://www.padasalai.net/2024/07/12th-Physics-Quarterly-Exam-Question-Papers-2024-Answer-Keys-English-Medium-Download.html
quarterly	physics	2024	answer-key	vellore	https://padasalai.info/wp-content/uploads/2024/09/12th-Physics-EM-Quarterly-Exam-2024-Answer-Key-Vellore-District-English-Medium-PDF-Download.pdf	https://www.padasalai.net/2024/07/12th-Physics-Quarterly-Exam-Question-Papers-2024-Answer-Keys-English-Medium-Download.html
quarterly	physics	2024	answer-key	vellore	https://padasalai.info/wp-content/uploads/2024/09/12th-Physics-Quarterly-Exam-2024-Original-Question-Paper-With-Answer-Key-Vellore-District-English-Medium-PDF-Download.pdf	https://www.padasalai.net/2024/07/12th-Physics-Quarterly-Exam-Question-Papers-2024-Answer-Keys-English-Medium-Download.html
quarterly	physics	2024	question-paper	coimbatore	https://padasalai.info/wp-content/uploads/2024/09/12th-Physics-Quarterly-Exam-2024-Original-Question-Paper-Coimbatore-District-English-Medium-PDF-Download.pdf	https://www.padasalai.net/2024/07/12th-Physics-Quarterly-Exam-Question-Papers-2024-Answer-Keys-English-Medium-Download.html
quarterly	physics	2024	question-paper	cuddalore	https://padasalai.info/wp-content/uploads/2024/09/12th-Physics-Quarterly-Exam-2024-Original-Question-Paper-Cuddalore-District-English-Medium-PDF-Download.pdf	https://www.padasalai.net/2024/07/12th-Physics-Quarterly-Exam-Question-Papers-2024-Answer-Keys-English-Medium-Download.html
quarterly	physics	2024	question-paper	dharmapuri	https://padasalai.info/wp-content/uploads/2024/09/12th-Physics-Quarterly-Exam-2024-Original-Question-Paper-Dharmapuri-District-English-Medium-PDF-Download.pdf	https://www.padasalai.net/2024/07/12th-Physics-Quarterly-Exam-Question-Papers-2024-Answer-Keys-English-Medium-Download.html
quarterly	physics	2024	question-paper	erode	https://padasalai.info/wp-content/uploads/2024/09/12th-Physics-Quarterly-Exam-2024-Original-Question-Paper-Erode-District-English-Medium-PDF-Download.pdf	https://www.padasalai.net/2024/07/12th-Physics-Quarterly-Exam-Question-Papers-2024-Answer-Keys-English-Medium-Download.html
quarterly	physics	2024	question-paper	kallakurichi	https://padasalai.info/wp-content/uploads/2024/09/12th-Physics-Quarterly-Exam-2024-Original-Question-Paper-Kallakurichi-District-English-Medium-PDF-Download.pdf	https://www.padasalai.net/2024/07/12th-Physics-Quarterly-Exam-Question-Papers-2024-Answer-Keys-English-Medium-Download.html
quarterly	physics	2024	question-paper	model	https://padasalai.info/wp-content/uploads/2024/09/12th-Physics-Quarterly-Exam-2024-Model-Question-Paper-1-English-Medium-PDF-Download.pdf	https://www.padasalai.net/2024/07/12th-Physics-Quarterly-Exam-Question-Papers-2024-Answer-Keys-English-Medium-Download.html
quarterly	physics	2024	question-paper	model	https://padasalai.info/wp-content/uploads/2024/09/12th-Physics-Quarterly-Exam-2024-Model-Question-Paper-English-Medium-PDF-Download-1.pdf	https://www.padasalai.net/2024/07/12th-Physics-Quarterly-Exam-Question-Papers-2024-Answer-Keys-English-Medium-Download.html
quarterly	physics	2024	question-paper	model	https://padasalai.info/wp-content/uploads/2024/09/12th-Physics-Quarterly-Exam-2024-Model-Question-Paper-English-Medium-PDF-Download.pdf	https://www.padasalai.net/2024/07/12th-Physics-Quarterly-Exam-Question-Papers-2024-Answer-Keys-English-Medium-Download.html
quarterly	physics	2024	question-paper	salem	https://padasalai.info/wp-content/uploads/2024/09/12th-Physics-EM-Quarterly-Exam-2024-Question-Paper-Salem-District-English-Medium-PDF-Download.pdf	https://www.padasalai.net/2024/07/12th-Physics-Quarterly-Exam-Question-Papers-2024-Answer-Keys-English-Medium-Download.html
quarterly	physics	2024	question-paper	set	https://padasalai.info/wp-content/uploads/2024/09/12th-Physics-Quarterly-Exam-2024-Original-Question-Paper-English-Medium-PDF-Download.pdf	https://www.padasalai.net/2024/07/12th-Physics-Quarterly-Exam-Question-Papers-2024-Answer-Keys-English-Medium-Download.html
quarterly	physics	2024	question-paper	set	https://padasalai.info/wp-content/uploads/2024/09/12th-Physics-Quarterly-Exam-2024-Original-Question-Paper-Rainpet-District-English-Medium-PDF-Download.pdf	https://www.padasalai.net/2024/07/12th-Physics-Quarterly-Exam-Question-Papers-2024-Answer-Keys-English-Medium-Download.html
quarterly	physics	2024	question-paper	tenkasi	https://padasalai.info/wp-content/uploads/2024/09/12th-Physics-Quarterly-Exam-2024-Original-Question-Paper-Tenkasi-District-English-Medium-PDF-Download.pdf	https://www.padasalai.net/2024/07/12th-Physics-Quarterly-Exam-Question-Papers-2024-Answer-Keys-English-Medium-Download.html
quarterly	physics	2024	question-paper	thanjavur	https://padasalai.info/wp-content/uploads/2024/09/12th-Physics-Quarterly-Exam-2024-Original-Question-Paper-Thanjavur-District-English-Medium-PDF-Download.pdf	https://www.padasalai.net/2024/07/12th-Physics-Quarterly-Exam-Question-Papers-2024-Answer-Keys-English-Medium-Download.html
quarterly	physics	2024	question-paper	thiruvallur	https://padasalai.info/wp-content/uploads/2024/09/12th-Physics-Quarterly-Exam-2024-Original-Question-Paper-Thiruvallur-District-English-Medium-PDF-Download.pdf	https://www.padasalai.net/2024/07/12th-Physics-Quarterly-Exam-Question-Papers-2024-Answer-Keys-English-Medium-Download.html
quarterly	physics	2024	question-paper	thiruvannamalai	https://padasalai.info/wp-content/uploads/2024/09/12th-Physics-Quarterly-Exam-2024-Original-Question-Paper-Thiruvannamalai-District-English-Medium-PDF-Download.pdf	https://www.padasalai.net/2024/07/12th-Physics-Quarterly-Exam-Question-Papers-2024-Answer-Keys-English-Medium-Download.html
quarterly	physics	2024	question-paper	thoothukudi	https://padasalai.info/wp-content/uploads/2024/09/12th-Physics-Quarterly-Exam-2024-Original-Question-Paper-Thoothukudi-District-English-Medium-PDF-Download.pdf	https://www.padasalai.net/2024/07/12th-Physics-Quarterly-Exam-Question-Papers-2024-Answer-Keys-English-Medium-Download.html
quarterly	physics	2024	question-paper	tirupattur	https://padasalai.info/wp-content/uploads/2024/09/12th-Physics-Quarterly-Exam-2024-Original-Question-Paper-Tirupattur-District-English-Medium-PDF-Download.pdf	https://www.padasalai.net/2024/07/12th-Physics-Quarterly-Exam-Question-Papers-2024-Answer-Keys-English-Medium-Download.html
quarterly	physics	2024	question-paper	tiruppur	https://padasalai.info/wp-content/uploads/2024/09/12th-Physics-Quarterly-Exam-2024-Original-Question-Paper-Tiruppur-District-English-Medium-PDF-Download.pdf	https://www.padasalai.net/2024/07/12th-Physics-Quarterly-Exam-Question-Papers-2024-Answer-Keys-English-Medium-Download.html
quarterly	physics	2024	question-paper	villupuram	https://padasalai.info/wp-content/uploads/2024/09/12th-Physics-Quarterly-Exam-2024-Original-Question-Paper-Villupuram-District-English-Medium-PDF-Download.pdf	https://www.padasalai.net/2024/07/12th-Physics-Quarterly-Exam-Question-Papers-2024-Answer-Keys-English-Medium-Download.html
quarterly	physics	2024	question-paper	virudhunagar	https://padasalai.info/wp-content/uploads/2024/09/12th-Physics-Quarterly-Exam-2024-Original-Question-Paper-Virudhunagar-District-English-Medium-PDF-Download.pdf	https://www.padasalai.net/2024/07/12th-Physics-Quarterly-Exam-Question-Papers-2024-Answer-Keys-English-Medium-Download.html
quarterly	physics	2024	question-paper	virudhunagar	https://padasalai.info/wp-content/uploads/2024/09/12th-Physics-Quarterly-Exam-2024-Original-Question-Paper-Virudhunagar-Dsitrict-English-Medium-PDF-Download.pdf	https://www.padasalai.net/2024/07/12th-Physics-Quarterly-Exam-Question-Papers-2024-Answer-Keys-English-Medium-Download.html
quarterly	physics	2025	answer-key	dindigul	https://drive.usercontent.google.com/download?id=1gDNCHKuLjlIE9F_QJFXCXhoWt-g7--yj&export=download&confirm=t	https://www.padasalai.net/2025/06/12th-quarterly-exam-question-papers-2025-answer-keys-time-table-download-plus-two.html
quarterly	physics	2025	answer-key	dindigul	https://drive.usercontent.google.com/download?id=1qKGLW0_q9n7YJg9Z2EG76Staznte-78b&export=download&confirm=t	https://www.padasalai.net/2025/06/12th-quarterly-exam-question-papers-2025-answer-keys-time-table-download-plus-two.html
quarterly	physics	2025	answer-key	dindigul	https://drive.usercontent.google.com/download?id=1aMD1AJ1apS1mOOH-yuqpiXiDd3tc_aG2&export=download&confirm=t	https://www.padasalai.net/2025/06/12th-quarterly-exam-question-papers-2025-answer-keys-time-table-download-plus-two.html
quarterly	physics	2025	answer-key	madurai	https://drive.usercontent.google.com/download?id=1MS8nSYBYNya3vURWq5kl_pVMyvQBlZ6x&export=download&confirm=t	https://www.padasalai.net/2025/06/12th-quarterly-exam-question-papers-2025-answer-keys-time-table-download-plus-two.html
quarterly	physics	2025	answer-key	madurai	https://drive.usercontent.google.com/download?id=1Q_b-tvQdz8GMB1Mx5kra1cNCe-1x8Yxr&export=download&confirm=t	https://www.padasalai.net/2025/06/12th-quarterly-exam-question-papers-2025-answer-keys-time-table-download-plus-two.html
quarterly	physics	2025	answer-key	salem	https://drive.usercontent.google.com/download?id=1x9xxqdWlqb8ERNBbSJ5pdvnCuRWBqn3q&export=download&confirm=t	https://www.padasalai.net/2025/06/12th-quarterly-exam-question-papers-2025-answer-keys-time-table-download-plus-two.html
quarterly	physics	2025	answer-key	salem	https://drive.usercontent.google.com/download?id=1vVoY4bzz5A00-sb2tw4egBCPVXTLuWDU&export=download&confirm=t	https://www.padasalai.net/2025/06/12th-quarterly-exam-question-papers-2025-answer-keys-time-table-download-plus-two.html
quarterly	physics	2025	answer-key	trichy	https://drive.usercontent.google.com/download?id=1jtTGErTU_DSM0FZigj9vZ20bgQ64O5gm&export=download&confirm=t	https://www.padasalai.net/2025/06/12th-quarterly-exam-question-papers-2025-answer-keys-time-table-download-plus-two.html
quarterly	physics	2025	answer-key	trichy	https://drive.usercontent.google.com/download?id=1yHxmCnSuhXgFd301KBv3da8TS2H-CaTS&export=download&confirm=t	https://www.padasalai.net/2025/06/12th-quarterly-exam-question-papers-2025-answer-keys-time-table-download-plus-two.html
quarterly	physics	2025	answer-key	trichy	https://drive.usercontent.google.com/download?id=1wpc-Xh61xSNrCBJJPsDGAKVK4d4oLeUG&export=download&confirm=t	https://www.padasalai.net/2025/06/12th-quarterly-exam-question-papers-2025-answer-keys-time-table-download-plus-two.html
quarterly	physics	2025	question-paper	chengalpattu	https://drive.usercontent.google.com/download?id=1pejzWPsnwGU-q0kGKix9scz5snt4Tg9u&export=download&confirm=t	https://www.padasalai.net/2025/06/12th-quarterly-exam-question-papers-2025-answer-keys-time-table-download-plus-two.html
quarterly	physics	2025	question-paper	chengalpattu	https://drive.usercontent.google.com/download?id=142EplNYP3utyOa9CAthRDk_VM5RYjXvl&export=download&confirm=t	https://www.padasalai.net/2025/06/12th-quarterly-exam-question-papers-2025-answer-keys-time-table-download-plus-two.html
quarterly	physics	2025	question-paper	chengalpattu	https://drive.usercontent.google.com/download?id=1bjvk28tPfKH-je9m5fIp92dCUXw8R8s7&export=download&confirm=t	https://www.padasalai.net/2025/06/12th-quarterly-exam-question-papers-2025-answer-keys-time-table-download-plus-two.html
quarterly	physics	2025	question-paper	chengalpattu	https://drive.usercontent.google.com/download?id=12SP_rCuEz_CaZgzP4vtxAHH1NQmCXkSI&export=download&confirm=t	https://www.padasalai.net/2025/06/12th-quarterly-exam-question-papers-2025-answer-keys-time-table-download-plus-two.html
quarterly	physics	2025	question-paper	chengalpattu	https://drive.usercontent.google.com/download?id=1os0h6rFT2me72pot2ho92PPYx2bob3xb&export=download&confirm=t	https://www.padasalai.net/2025/06/12th-quarterly-exam-question-papers-2025-answer-keys-time-table-download-plus-two.html
quarterly	physics	2025	question-paper	chennai	https://drive.usercontent.google.com/download?id=1g8O3KVrzSr5E1hmmblCfW3jgPV9V9DTs&export=download&confirm=t	https://www.padasalai.net/2025/06/12th-quarterly-exam-question-papers-2025-answer-keys-time-table-download-plus-two.html
quarterly	physics	2025	question-paper	chennai	https://drive.usercontent.google.com/download?id=1j-4YP3f5x2gcbRwoDxqTZCGM8XXh9DBS&export=download&confirm=t	https://www.padasalai.net/2025/06/12th-quarterly-exam-question-papers-2025-answer-keys-time-table-download-plus-two.html
quarterly	physics	2025	question-paper	chennai	https://drive.usercontent.google.com/download?id=1XjmkX3IKPE1OFPqfLRDKArriRvlYkRwy&export=download&confirm=t	https://www.padasalai.net/2025/06/12th-quarterly-exam-question-papers-2025-answer-keys-time-table-download-plus-two.html
quarterly	physics	2025	question-paper	coimbatore	https://drive.usercontent.google.com/download?id=1pUlZZgkuPR7yQBoCXmKNuxz3VsHTOEl0&export=download&confirm=t	https://www.padasalai.net/2025/06/12th-quarterly-exam-question-papers-2025-answer-keys-time-table-download-plus-two.html
quarterly	physics	2025	question-paper	coimbatore	https://drive.usercontent.google.com/download?id=1WEhIOjRXLRiz-9BWpkz9Y608h0QRDDA7&export=download&confirm=t	https://www.padasalai.net/2025/06/12th-quarterly-exam-question-papers-2025-answer-keys-time-table-download-plus-two.html
quarterly	physics	2025	question-paper	coimbatore	https://drive.usercontent.google.com/download?id=1iv7XyUb67trkKmyDCMKJgE5qkI0RswfX&export=download&confirm=t	https://www.padasalai.net/2025/06/12th-quarterly-exam-question-papers-2025-answer-keys-time-table-download-plus-two.html
quarterly	physics	2025	question-paper	cuddalore	https://drive.usercontent.google.com/download?id=1GxvrM0Wyfc9aXXqlaBdsO9ONGd36gNXQ&export=download&confirm=t	https://www.padasalai.net/2025/06/12th-quarterly-exam-question-papers-2025-answer-keys-time-table-download-plus-two.html
quarterly	physics	2025	question-paper	cuddalore	https://drive.usercontent.google.com/download?id=1CYgX3Hq4qAyuKe5zne0tJaL60jEyeM2z&export=download&confirm=t	https://www.padasalai.net/2025/06/12th-quarterly-exam-question-papers-2025-answer-keys-time-table-download-plus-two.html
quarterly	physics	2025	question-paper	cuddalore	https://drive.usercontent.google.com/download?id=1rZOyUuET_oIfz4u21mgWxo6tIAJeMIpa&export=download&confirm=t	https://www.padasalai.net/2025/06/12th-quarterly-exam-question-papers-2025-answer-keys-time-table-download-plus-two.html
quarterly	physics	2025	question-paper	dharmapuri	https://drive.usercontent.google.com/download?id=1Bfqfv0cN2ikHyutsav0KkZlFOF4VsalS&export=download&confirm=t	https://www.padasalai.net/2025/06/12th-quarterly-exam-question-papers-2025-answer-keys-time-table-download-plus-two.html
quarterly	physics	2025	question-paper	dharmapuri	https://drive.usercontent.google.com/download?id=1M31ogE_CG04SbGhrf4H8xp_le3Oj8KnQ&export=download&confirm=t	https://www.padasalai.net/2025/06/12th-quarterly-exam-question-papers-2025-answer-keys-time-table-download-plus-two.html
quarterly	physics	2025	question-paper	dharmapuri	https://drive.usercontent.google.com/download?id=1WJ4Tbv3zRHwACDsha_9HZlU-J4LzGOkg&export=download&confirm=t	https://www.padasalai.net/2025/06/12th-quarterly-exam-question-papers-2025-answer-keys-time-table-download-plus-two.html
quarterly	physics	2025	question-paper	karur	https://drive.usercontent.google.com/download?id=1Qf0tqTD9Hm_-rRUhz959lkq8zq-Pawc0&export=download&confirm=t	https://www.padasalai.net/2025/06/12th-quarterly-exam-question-papers-2025-answer-keys-time-table-download-plus-two.html
quarterly	physics	2025	question-paper	karur	https://drive.usercontent.google.com/download?id=17AqgTHpstjAvPoHX3LjZr27nXWr9KdDb&export=download&confirm=t	https://www.padasalai.net/2025/06/12th-quarterly-exam-question-papers-2025-answer-keys-time-table-download-plus-two.html
quarterly	physics	2025	question-paper	karur	https://drive.usercontent.google.com/download?id=1rCdhaDNArs6hiI1M6Nuyd3HKTfahsdCO&export=download&confirm=t	https://www.padasalai.net/2025/06/12th-quarterly-exam-question-papers-2025-answer-keys-time-table-download-plus-two.html
quarterly	physics	2025	question-paper	namakkal	https://drive.usercontent.google.com/download?id=17v3pqhnRaF1u4wDznst0eT_HGYC3wN4a&export=download&confirm=t	https://www.padasalai.net/2025/06/12th-quarterly-exam-question-papers-2025-answer-keys-time-table-download-plus-two.html
quarterly	physics	2025	question-paper	namakkal	https://drive.usercontent.google.com/download?id=1qMFsHLQMyaq3Rzsqsp8fQ0LSzmsUWjFk&export=download&confirm=t	https://www.padasalai.net/2025/06/12th-quarterly-exam-question-papers-2025-answer-keys-time-table-download-plus-two.html
quarterly	physics	2025	question-paper	tenkasi	https://drive.usercontent.google.com/download?id=1meadExU8iPFD8yAXi11bz0WBf00pMQMV&export=download&confirm=t	https://www.padasalai.net/2025/06/12th-quarterly-exam-question-papers-2025-answer-keys-time-table-download-plus-two.html
quarterly	physics	2025	question-paper	tenkasi	https://drive.usercontent.google.com/download?id=1jtj1E4SZx2B-9nOJ7EFda1VXKufHg3Sl&export=download&confirm=t	https://www.padasalai.net/2025/06/12th-quarterly-exam-question-papers-2025-answer-keys-time-table-download-plus-two.html
quarterly	physics	2025	question-paper	thoothukudi	https://drive.usercontent.google.com/download?id=1Gbtjrm2vuHFv04r8lL7G6O4EbsFn3WBW&export=download&confirm=t	https://www.padasalai.net/2025/06/12th-quarterly-exam-question-papers-2025-answer-keys-time-table-download-plus-two.html
quarterly	physics	2025	question-paper	thoothukudi	https://drive.usercontent.google.com/download?id=1djiPUunt9XvOMeoI0Nfdx91bHQ-kkIg9&export=download&confirm=t	https://www.padasalai.net/2025/06/12th-quarterly-exam-question-papers-2025-answer-keys-time-table-download-plus-two.html
quarterly	physics	2025	question-paper	virudhunagar	https://drive.usercontent.google.com/download?id=1Sqwdr32D2mXpbXJYWUxBBu4E8mstYgQ6&export=download&confirm=t	https://www.padasalai.net/2025/06/12th-quarterly-exam-question-papers-2025-answer-keys-time-table-download-plus-two.html
quarterly	physics	2026	answer-key	tiruppur	https://drive.usercontent.google.com/download?id=143XMuKQgPsCLjEYHs_GhKxoXaRdpn0H6&export=download&confirm=t	https://www.padasalai.net/2025/06/12th-quarterly-exam-question-papers-2025-answer-keys-time-table-download-plus-two.html
quarterly	physics	na	question-paper	model	https://padasalai.info/wp-content/uploads/2025/04/12th-physics-quarterly-exam-model-question-paper-english-medium.pdf	https://www.padasalai.net/2024/07/12th-quarterly-exam-question-papers-2024-answer-keys-time-table-download-plus-two.html
quarterly	zoology	2022	answer-key	pudhukottai	https://padasalai.info/wp-content/uploads/2022/10/12th-Zoology-EM-Original-Question-Paper-with-Answer-Keys-to-Quarterly-Exam-2022-Pudhukottai-District-English-Medium-PDF-Download.pdf	https://www.padasalai.net/2024/07/12th-Zoology-Quarterly-Exam-Question-Papers-2024-Answer-Keys-English-Medium-Download.html
quarterly	zoology	2022	question-paper	model	https://padasalai.info/wp-content/uploads/2022/09/12th-Bio-Zoology-EM-Quarterly-Exam-2022-Model-Question-Paper-English-Medium-PDF-Download.pdf	https://www.padasalai.net/2024/07/12th-Biology-Quarterly-Exam-Question-Papers-2024-Answer-Keys-English-Medium-Download.html
quarterly	zoology	2022	question-paper	model	https://padasalai.info/wp-content/uploads/2022/09/12th-Zoology-EM-Quarterly-Exam-2022-Model-Question-Paper-English-Medium-PDF-Download.pdf	https://www.padasalai.net/2024/07/12th-Zoology-Quarterly-Exam-Question-Papers-2024-Answer-Keys-English-Medium-Download.html
quarterly	zoology	2023	answer-key	pudhukottai	https://padasalai.info/wp-content/uploads/2023/09/12th-Bio-Zoology-EM-Quarterly-Exam-2023-Answer-Keys-Pudhukottai-District-English-Medium-PDF-Download.pdf	https://www.padasalai.net/2024/07/12th-Biology-Quarterly-Exam-Question-Papers-2024-Answer-Keys-English-Medium-Download.html
quarterly	zoology	2023	answer-key	set	https://padasalai.info/wp-content/uploads/2023/10/12th-Bio-Zoology-EM-TM-Answer-Keys-to-Quarterly-Exam-2023-PDF-Download.pdf	https://www.padasalai.net/2024/07/12th-Biology-Quarterly-Exam-Question-Papers-2024-Answer-Keys-English-Medium-Download.html
quarterly	zoology	2023	answer-key	set	https://padasalai.info/wp-content/uploads/2023/10/12th-Zoology-EM-TM-Answer-Keys-to-Quarterly-Exam-2023-PDF-Download.pdf	https://www.padasalai.net/2024/07/12th-Zoology-Quarterly-Exam-Question-Papers-2024-Answer-Keys-English-Medium-Download.html
quarterly	zoology	2023	answer-key	vellore	https://padasalai.info/wp-content/uploads/2023/09/12th-Zoology-EM-Quarterly-Exam-2023-Original-Question-Paper-with-Answer-Key-Vellore-District-English-Medium-PDF-Download.pdf	https://www.padasalai.net/2024/07/12th-Zoology-Quarterly-Exam-Question-Papers-2024-Answer-Keys-English-Medium-Download.html
quarterly	zoology	2023	question-paper	model	https://padasalai.info/wp-content/uploads/2023/09/12th-Zoology-EM-Quarterly-Exam-2023-Model-Question-Paper-1-English-Medium-PDF-Download.pdf	https://www.padasalai.net/2024/07/12th-Zoology-Quarterly-Exam-Question-Papers-2024-Answer-Keys-English-Medium-Download.html
quarterly	zoology	2023	question-paper	model	https://padasalai.info/wp-content/uploads/2023/09/12th-Zoology-EM-Quarterly-Exam-2023-Model-Question-Paper-2-English-Medium-PDF-Download.pdf	https://www.padasalai.net/2024/07/12th-Zoology-Quarterly-Exam-Question-Papers-2024-Answer-Keys-English-Medium-Download.html
quarterly	zoology	2023	question-paper	model	https://padasalai.info/wp-content/uploads/2023/09/12th-Zoology-EM-Quarterly-Exam-2023-Model-Question-Paper-3-English-Medium-PDF-Download.pdf	https://www.padasalai.net/2024/07/12th-Zoology-Quarterly-Exam-Question-Papers-2024-Answer-Keys-English-Medium-Download.html
quarterly	zoology	2024	answer-key	cuddalore	https://padasalai.info/wp-content/uploads/2024/09/12th-Bio-Zoology-Quarterly-Exam-2024-Answer-Key-Cuddalore-Dsitrict-English-Medium-PDF-Download.pdf	https://www.padasalai.net/2024/07/12th-Biology-Quarterly-Exam-Question-Papers-2024-Answer-Keys-English-Medium-Download.html
quarterly	zoology	2024	answer-key	ranipet	https://padasalai.info/wp-content/uploads/2024/09/12th-Bio-Zoology-EM-Quarterly-Exam-2024-Answer-Keys-Ranipet-District-English-Medium-PDF-Download.pdf	https://www.padasalai.net/2024/07/12th-Biology-Quarterly-Exam-Question-Papers-2024-Answer-Keys-English-Medium-Download.html
quarterly	zoology	2024	answer-key	set	https://padasalai.info/wp-content/uploads/2024/09/12th-Bio-Zoology-EM-Quarterly-Exam-2024-Answer-Keys-English-Medium-PDF-Download.pdf	https://www.padasalai.net/2024/07/12th-Biology-Quarterly-Exam-Question-Papers-2024-Answer-Keys-English-Medium-Download.html
quarterly	zoology	2024	answer-key	set	https://padasalai.info/wp-content/uploads/2024/09/12th-Bio-Zoology-Quarterly-Exam-2024-Answer-Keys-English-Medium-PDF-Download.pdf	https://www.padasalai.net/2024/07/12th-quarterly-exam-question-papers-2024-answer-keys-time-table-download-plus-two.html
quarterly	zoology	2024	question-paper	model	https://padasalai.info/wp-content/uploads/2024/08/12th-Bio-Zoology-Model-Quarterly-Exam-2024-Question-Paper-English-Medium-PDF-Download.pdf	https://www.padasalai.net/2024/07/12th-quarterly-exam-question-papers-2024-answer-keys-time-table-download-plus-two.html
quarterly	zoology	2024	question-paper	ranipet	https://padasalai.info/wp-content/uploads/2024/09/12th-Zoology-Quarterly-Exam-2024-Original-Question-Paper-Ranipet-Dsitrict-English-Medium-PDF-Download.pdf	https://www.padasalai.net/2024/07/12th-Zoology-Quarterly-Exam-Question-Papers-2024-Answer-Keys-English-Medium-Download.html
quarterly	zoology	2024	question-paper	set	https://padasalai.info/wp-content/uploads/2024/09/12th-Zoology-Quarterly-Exam-2024-Original-Question-Paper-English-Medium-PDF-Download.pdf	https://www.padasalai.net/2024/07/12th-Zoology-Quarterly-Exam-Question-Papers-2024-Answer-Keys-English-Medium-Download.html
quarterly	zoology	2024	question-paper	vellore	https://padasalai.info/wp-content/uploads/2024/09/12th-Zoology-Quarterly-Exam-2024-Original-Question-Paper-Vellore-District-English-Medium-PDF-Download.pdf	https://www.padasalai.net/2024/07/12th-quarterly-exam-question-papers-2024-answer-keys-time-table-download-plus-two.html
quarterly	zoology	2025	answer-key	kanchipuram	https://drive.usercontent.google.com/download?id=1vqyrXAZnDVhEIcNgbiDV0n_lDYZSlRE-&export=download&confirm=t	https://www.padasalai.net/2025/06/12th-quarterly-exam-question-papers-2025-answer-keys-time-table-download-plus-two.html
quarterly	zoology	2025	answer-key	madurai	https://drive.usercontent.google.com/download?id=1RNIgKI36Hia9BnSiBiKsRQSw2JyltE0G&export=download&confirm=t	https://www.padasalai.net/2025/06/12th-quarterly-exam-question-papers-2025-answer-keys-time-table-download-plus-two.html
quarterly	zoology	2025	answer-key	madurai	https://drive.usercontent.google.com/download?id=1JqVzLWepnjnjKMXMPWd_hvmkqSDI3Im5&export=download&confirm=t	https://www.padasalai.net/2025/06/12th-quarterly-exam-question-papers-2025-answer-keys-time-table-download-plus-two.html
quarterly	zoology	2025	question-paper	kanchipuram	https://drive.usercontent.google.com/download?id=1LbV6sRvOMqlbefbIVQHdxhqU6J7xraLo&export=download&confirm=t	https://www.padasalai.net/2025/06/12th-quarterly-exam-question-papers-2025-answer-keys-time-table-download-plus-two.html
quarterly	zoology	2025	question-paper	kanchipuram	https://drive.usercontent.google.com/download?id=1Gt6PdsJDWt5MHLMB76ZlFpFh78QP6T8O&export=download&confirm=t	https://www.padasalai.net/2025/06/12th-quarterly-exam-question-papers-2025-answer-keys-time-table-download-plus-two.html
quarterly	zoology	2025	question-paper	kanchipuram	https://drive.usercontent.google.com/download?id=11gMuH7UGiOWhbsSPg8sF_dwulsCNAbLE&export=download&confirm=t	https://www.padasalai.net/2025/06/12th-quarterly-exam-question-papers-2025-answer-keys-time-table-download-plus-two.html
quarterly	zoology	2025	question-paper	kanchipuram	https://drive.usercontent.google.com/download?id=1p9cmiFl7VAD0zyg7W5Glrn9vC8g5RmjC&export=download&confirm=t	https://www.padasalai.net/2025/06/12th-quarterly-exam-question-papers-2025-answer-keys-time-table-download-plus-two.html
quarterly	zoology	2025	question-paper	krishnagiri	https://drive.usercontent.google.com/download?id=18yDNZNhbp-fQCGN5JLV0UtOFykHLUkrE&export=download&confirm=t	https://www.padasalai.net/2025/06/12th-quarterly-exam-question-papers-2025-answer-keys-time-table-download-plus-two.html
quarterly	zoology	2025	question-paper	perambalur	https://drive.usercontent.google.com/download?id=1_HLejCwCQgZSZ44Vk_a_CGWhgdJ1CU2V&export=download&confirm=t	https://www.padasalai.net/2025/06/12th-quarterly-exam-question-papers-2025-answer-keys-time-table-download-plus-two.html
quarterly	zoology	2025	question-paper	salem	https://drive.usercontent.google.com/download?id=1CBWbI-FHnd9mVLdzxHRcpvZSkherNp3x&export=download&confirm=t	https://www.padasalai.net/2025/06/12th-quarterly-exam-question-papers-2025-answer-keys-time-table-download-plus-two.html
quarterly	zoology	2025	question-paper	salem	https://drive.usercontent.google.com/download?id=1jSjnPy8q5lh6C9Phce51kI9bRRHUmFYp&export=download&confirm=t	https://www.padasalai.net/2025/06/12th-quarterly-exam-question-papers-2025-answer-keys-time-table-download-plus-two.html
quarterly	zoology	2025	question-paper	theni	https://drive.usercontent.google.com/download?id=1ob1XdMe_h8KsjsDOdakqaEVNtBW0A1ec&export=download&confirm=t	https://www.padasalai.net/2025/06/12th-quarterly-exam-question-papers-2025-answer-keys-time-table-download-plus-two.html
quarterly	zoology	2026	answer-key	kanchipuram	https://drive.usercontent.google.com/download?id=1036gb_lNpUueEMBR7UClWY8bjuN-vaMN&export=download&confirm=t	https://www.padasalai.net/2025/06/12th-quarterly-exam-question-papers-2025-answer-keys-time-table-download-plus-two.html
